Doctor_ID,Doctor_Specialization,Doctor_Experience,Hospital_ID
D000001,Urologist,4,H0071
D000002,Orthopedic,24,H0007
D000003,Radiologist,11,H0002
D000004,Dermatologist,7,H0097
D000005,Neurologist,1,H0022
D000006,Ophthalmologist,1,H0063
D000007,Pulmonologist,1,H0028
D000008,Psychiatrist,16,H0008
D000009,Gynecologist,7,H0049
D000010,General Physician,10,H0050
D000011,Oncologist,1,H0059
D000012,Endocrinologist,28,H0055
D000013,Radiologist,14,H0085
D000014,Pulmonologist,2,H0020
D000015,ENT,2,H0038
D000016,ENT,2,H0008
D000017,Pathologist,3,H0095
D000018,Radiologist,6,H0008
D000019,Nephrologist,5,H0008
D000020,Cardiologist,3,H0075
D000021,Pulmonologist,8,H0065
D000022,Rheumatologist,1,H0021
D000023,Cardiologist,3,H0066
D000024,Dermatologist,4,H0024
D000025,Dermatologist,5,H0077
D000026,Dermatologist,12,H0087
D000027,Neurologist,2,H0052
D000028,Orthopedic,6,H0073
D000029,Neurologist,7,H0075
D000030,Anesthesiologist,1,H0006
D000031,Anesthesiologist,7,H0011
D000032,Ophthalmologist,1,H0085
D000033,Pathologist,1,H0073
D000034,Rheumatologist,24,H0041
D000035,Oncologist,27,H0027
D000036,Nephrologist,13,H0031
D000037,Oncologist,3,H0051
D000038,Pediatrician,1,H0086
D000039,Endocrinologist,9,H0059
D000040,Nephrologist,5,H0097
D000041,Dermatologist,1,H0002
D000042,Urologist,5,H0080
D000043,Pathologist,1,H0013
D000044,Dermatologist,19,H0069
D000045,ENT,2,H0065
D000046,Oncologist,9,H0017
D000047,Gastroenterologist,3,H0009
D000048,Neurologist,6,H0048
D000049,Endocrinologist,6,H0021
D000050,Urologist,2,H0070
D000051,Endocrinologist,28,H0079
D000052,Rheumatologist,12,H0002
D000053,Radiologist,22,H0039
D000054,Orthopedic,18,H0018
D000055,Oncologist,7,H0015
D000056,Orthopedic,20,H0096
D000057,Radiologist,1,H0020
D000058,Oncologist,2,H0037
D000059,Anesthesiologist,1,H0027
D000060,Nephrologist,3,H0027
D000061,Oncologist,4,H0065
D000062,Pulmonologist,3,H0033
D000063,Cardiologist,14,H0012
D000064,Ophthalmologist,4,H0036
D000065,Cardiologist,3,H0001
D000066,Nephrologist,6,H0099
D000067,Pediatrician,1,H0082
D000068,Oncologist,13,H0021
D000069,Urologist,1,H0071
D000070,Ophthalmologist,35,H0072
D000071,General Physician,12,H0015
D000072,Dermatologist,2,H0089
D000073,Pediatrician,1,H0070
D000074,Cardiologist,14,H0048
D000075,Pathologist,10,H0071
D000076,Pediatrician,10,H0056
D000077,Pediatrician,12,H0006
D000078,Endocrinologist,1,H0047
D000079,Cardiologist,4,H0046
D000080,ENT,1,H0088
D000081,Neurologist,16,H0086
D000082,Orthopedic,8,H0046
D000083,Radiologist,3,H0053
D000084,Anesthesiologist,1,H0096
D000085,Pediatrician,3,H0031
D000086,Gynecologist,3,H0023
D000087,Ophthalmologist,10,H0004
D000088,Gynecologist,8,H0095
D000089,Nephrologist,17,H0053
D000090,Neurologist,5,H0035
D000091,Gynecologist,1,H0090
D000092,Orthopedic,10,H0049
D000093,Cardiologist,11,H0061
D000094,Neurologist,7,H0026
D000095,Urologist,12,H0045
D000096,Endocrinologist,5,H0030
D000097,Neurologist,6,H0004
D000098,ENT,4,H0052
D000099,Nephrologist,1,H0036
D000100,Dermatologist,1,H0099
D000101,Oncologist,1,H0045
D000102,Rheumatologist,8,H0052
D000103,Radiologist,3,H0043
D000104,General Physician,6,H0015
D000105,Oncologist,19,H0023
D000106,Pathologist,2,H0034
D000107,Cardiologist,4,H0014
D000108,Anesthesiologist,11,H0056
D000109,Gastroenterologist,2,H0094
D000110,Nephrologist,1,H0056
D000111,Anesthesiologist,3,H0066
D000112,Orthopedic,1,H0050
D000113,Pathologist,21,H0025
D000114,Oncologist,13,H0006
D000115,Ophthalmologist,8,H0001
D000116,Rheumatologist,16,H0069
D000117,ENT,13,H0047
D000118,Ophthalmologist,2,H0009
D000119,Nephrologist,18,H0080
D000120,Nephrologist,6,H0085
D000121,Orthopedic,13,H0093
D000122,Endocrinologist,18,H0065
D000123,Endocrinologist,3,H0086
D000124,Ophthalmologist,1,H0042
D000125,Psychiatrist,2,H0090
D000126,Endocrinologist,4,H0071
D000127,Pediatrician,14,H0025
D000128,Ophthalmologist,16,H0086
D000129,Psychiatrist,1,H0087
D000130,Gynecologist,6,H0079
D000131,Pathologist,4,H0039
D000132,Psychiatrist,2,H0071
D000133,General Physician,1,H0039
D000134,Endocrinologist,3,H0027
D000135,Ophthalmologist,23,H0075
D000136,Anesthesiologist,3,H0084
D000137,Nephrologist,6,H0060
D000138,Urologist,10,H0057
D000139,ENT,4,H0066
D000140,Pulmonologist,29,H0095
D000141,Gynecologist,26,H0085
D000142,Dermatologist,2,H0037
D000143,Rheumatologist,6,H0085
D000144,Anesthesiologist,3,H0043
D000145,Dermatologist,3,H0097
D000146,Neurologist,1,H0087
D000147,Endocrinologist,8,H0029
D000148,ENT,6,H0019
D000149,General Physician,1,H0006
D000150,Neurologist,3,H0061
D000151,Anesthesiologist,19,H0099
D000152,Dermatologist,2,H0059
D000153,Ophthalmologist,1,H0081
D000154,Pathologist,5,H0025
D000155,Psychiatrist,34,H0064
D000156,Psychiatrist,2,H0032
D000157,Pediatrician,9,H0084
D000158,General Physician,11,H0097
D000159,Orthopedic,2,H0100
D000160,Ophthalmologist,10,H0029
D000161,Gynecologist,4,H0090
D000162,Rheumatologist,8,H0060
D000163,Cardiologist,8,H0072
D000164,Neurologist,6,H0016
D000165,Urologist,1,H0018
D000166,Urologist,14,H0086
D000167,Rheumatologist,3,H0072
D000168,Anesthesiologist,2,H0041
D000169,Urologist,1,H0079
D000170,Rheumatologist,7,H0055
D000171,Radiologist,9,H0058
D000172,Gynecologist,1,H0096
D000173,Pulmonologist,6,H0058
D000174,Oncologist,2,H0097
D000175,Neurologist,8,H0082
D000176,Oncologist,2,H0099
D000177,Rheumatologist,9,H0063
D000178,Neurologist,4,H0036
D000179,Urologist,22,H0010
D000180,Endocrinologist,1,H0031
D000181,Oncologist,3,H0043
D000182,Nephrologist,1,H0070
D000183,Dermatologist,21,H0018
D000184,Pediatrician,17,H0030
D000185,Psychiatrist,2,H0089
D000186,Pediatrician,9,H0091
D000187,ENT,14,H0009
D000188,Ophthalmologist,6,H0053
D000189,Nephrologist,6,H0070
D000190,Urologist,2,H0054
D000191,Cardiologist,1,H0027
D000192,Ophthalmologist,18,H0050
D000193,Pathologist,18,H0090
D000194,General Physician,8,H0098
D000195,Pathologist,3,H0049
D000196,Pulmonologist,3,H0001
D000197,Gastroenterologist,10,H0039
D000198,Psychiatrist,18,H0054
D000199,Radiologist,17,H0096
D000200,Radiologist,12,H0078
D000201,Neurologist,8,H0063
D000202,Neurologist,1,H0035
D000203,Ophthalmologist,1,H0063
D000204,General Physician,18,H0050
D000205,Nephrologist,7,H0086
D000206,Psychiatrist,1,H0093
D000207,Gynecologist,1,H0060
D000208,Pediatrician,9,H0080
D000209,Radiologist,1,H0004
D000210,Psychiatrist,1,H0076
D000211,Pathologist,6,H0085
D000212,General Physician,9,H0011
D000213,Ophthalmologist,8,H0018
D000214,Urologist,2,H0024
D000215,Cardiologist,10,H0034
D000216,Psychiatrist,2,H0042
D000217,ENT,3,H0059
D000218,Nephrologist,11,H0044
D000219,Psychiatrist,8,H0036
D000220,Ophthalmologist,15,H0033
D000221,Dermatologist,9,H0061
D000222,General Physician,7,H0096
D000223,Radiologist,1,H0007
D000224,Gastroenterologist,4,H0029
D000225,Dermatologist,2,H0100
D000226,Cardiologist,2,H0097
D000227,General Physician,29,H0032
D000228,ENT,4,H0003
D000229,Anesthesiologist,18,H0020
D000230,Neurologist,8,H0017
D000231,Pulmonologist,13,H0086
D000232,Orthopedic,6,H0073
D000233,ENT,7,H0060
D000234,Oncologist,5,H0099
D000235,Gastroenterologist,2,H0022
D000236,Anesthesiologist,10,H0078
D000237,Orthopedic,3,H0100
D000238,Gynecologist,1,H0040
D000239,Orthopedic,8,H0075
D000240,General Physician,2,H0040
D000241,Pathologist,23,H0087
D000242,Psychiatrist,25,H0051
D000243,ENT,20,H0010
D000244,Pathologist,4,H0089
D000245,Neurologist,1,H0014
D000246,Endocrinologist,21,H0088
D000247,Anesthesiologist,4,H0016
D000248,Pathologist,27,H0006
D000249,Gastroenterologist,27,H0069
D000250,Ophthalmologist,15,H0085
D000251,Gastroenterologist,3,H0009
D000252,Rheumatologist,4,H0083
D000253,Nephrologist,15,H0002
D000254,Ophthalmologist,3,H0063
D000255,Orthopedic,1,H0056
D000256,Gastroenterologist,7,H0082
D000257,Urologist,22,H0091
D000258,Pediatrician,10,H0056
D000259,Gynecologist,7,H0094
D000260,Rheumatologist,1,H0084
D000261,Oncologist,8,H0079
D000262,Radiologist,37,H0100
D000263,Pulmonologist,1,H0060
D000264,Ophthalmologist,6,H0094
D000265,Pathologist,17,H0035
D000266,Nephrologist,11,H0032
D000267,Dermatologist,10,H0036
D000268,Urologist,10,H0032
D000269,Urologist,4,H0073
D000270,Anesthesiologist,3,H0086
D000271,Psychiatrist,13,H0044
D000272,General Physician,13,H0064
D000273,Nephrologist,16,H0024
D000274,Pulmonologist,20,H0028
D000275,Gastroenterologist,6,H0034
D000276,Nephrologist,6,H0036
D000277,Anesthesiologist,13,H0090
D000278,Oncologist,8,H0072
D000279,General Physician,10,H0067
D000280,ENT,13,H0011
D000281,Neurologist,18,H0093
D000282,Ophthalmologist,3,H0063
D000283,Radiologist,4,H0098
D000284,Neurologist,1,H0089
D000285,Pulmonologist,7,H0083
D000286,Pulmonologist,1,H0058
D000287,General Physician,5,H0012
D000288,Endocrinologist,6,H0029
D000289,Psychiatrist,3,H0089
D000290,Neurologist,7,H0040
D000291,Pathologist,1,H0048
D000292,Pulmonologist,1,H0071
D000293,Rheumatologist,14,H0045
D000294,Ophthalmologist,4,H0096
D000295,Radiologist,1,H0043
D000296,Gastroenterologist,6,H0090
D000297,Urologist,12,H0035
D000298,Endocrinologist,2,H0033
D000299,Neurologist,8,H0016
D000300,ENT,1,H0041
D000301,Orthopedic,1,H0096
D000302,Radiologist,6,H0098
D000303,Gynecologist,6,H0025
D000304,ENT,8,H0095
D000305,Pulmonologist,10,H0036
D000306,Pathologist,30,H0098
D000307,Rheumatologist,6,H0077
D000308,Endocrinologist,3,H0013
D000309,ENT,13,H0038
D000310,Neurologist,3,H0047
D000311,Gynecologist,5,H0039
D000312,General Physician,1,H0091
D000313,Radiologist,1,H0017
D000314,Oncologist,26,H0006
D000315,Cardiologist,14,H0071
D000316,Endocrinologist,10,H0090
D000317,Pediatrician,4,H0082
D000318,Pulmonologist,2,H0014
D000319,General Physician,1,H0074
D000320,Endocrinologist,2,H0061
D000321,Pulmonologist,6,H0057
D000322,Nephrologist,10,H0024
D000323,Cardiologist,9,H0033
D000324,Pulmonologist,3,H0015
D000325,Dermatologist,25,H0052
D000326,Pulmonologist,11,H0010
D000327,Pathologist,6,H0081
D000328,Cardiologist,8,H0020
D000329,Pediatrician,4,H0073
D000330,Endocrinologist,2,H0011
D000331,Neurologist,4,H0016
D000332,Radiologist,11,H0098
D000333,Ophthalmologist,1,H0078
D000334,Anesthesiologist,1,H0080
D000335,Neurologist,1,H0100
D000336,Rheumatologist,1,H0049
D000337,Urologist,15,H0057
D000338,Endocrinologist,10,H0076
D000339,Ophthalmologist,5,H0040
D000340,Pathologist,1,H0080
D000341,Cardiologist,5,H0079
D000342,Orthopedic,5,H0098
D000343,ENT,2,H0081
D000344,ENT,5,H0034
D000345,Dermatologist,4,H0021
D000346,Neurologist,8,H0023
D000347,Radiologist,8,H0010
D000348,Gynecologist,1,H0001
D000349,Ophthalmologist,4,H0058
D000350,Anesthesiologist,8,H0061
D000351,Endocrinologist,6,H0005
D000352,Neurologist,16,H0037
D000353,Endocrinologist,9,H0090
D000354,Urologist,1,H0010
D000355,Neurologist,1,H0034
D000356,Pathologist,8,H0085
D000357,ENT,1,H0055
D000358,Orthopedic,7,H0070
D000359,Neurologist,23,H0083
D000360,Pediatrician,7,H0035
D000361,Pediatrician,4,H0010
D000362,Cardiologist,8,H0022
D000363,Endocrinologist,5,H0077
D000364,Pathologist,6,H0037
D000365,Urologist,23,H0016
D000366,Urologist,4,H0089
D000367,Endocrinologist,26,H0090
D000368,Psychiatrist,19,H0035
D000369,Rheumatologist,2,H0070
D000370,Pulmonologist,1,H0057
D000371,Dermatologist,1,H0077
D000372,Cardiologist,1,H0056
D000373,Nephrologist,1,H0078
D000374,Oncologist,9,H0004
D000375,Dermatologist,1,H0030
D000376,Pathologist,3,H0076
D000377,General Physician,15,H0098
D000378,Oncologist,1,H0074
D000379,Cardiologist,13,H0098
D000380,Gynecologist,3,H0061
D000381,Rheumatologist,1,H0084
D000382,Urologist,10,H0036
D000383,Gynecologist,8,H0075
D000384,Ophthalmologist,17,H0082
D000385,Pulmonologist,11,H0012
D000386,Pulmonologist,13,H0045
D000387,Ophthalmologist,3,H0043
D000388,Nephrologist,2,H0086
D000389,Orthopedic,11,H0021
D000390,Nephrologist,13,H0053
D000391,Pulmonologist,37,H0037
D000392,Psychiatrist,4,H0098
D000393,Radiologist,4,H0005
D000394,Urologist,12,H0012
D000395,Nephrologist,3,H0033
D000396,Nephrologist,21,H0015
D000397,Psychiatrist,16,H0066
D000398,General Physician,4,H0085
D000399,Radiologist,11,H0060
D000400,Ophthalmologist,11,H0007
D000401,ENT,1,H0067
D000402,Gastroenterologist,19,H0080
D000403,Pulmonologist,6,H0081
D000404,Urologist,14,H0098
D000405,Cardiologist,3,H0027
D000406,Oncologist,18,H0071
D000407,Pediatrician,4,H0037
D000408,Urologist,1,H0090
D000409,Pulmonologist,19,H0016
D000410,General Physician,1,H0081
D000411,Anesthesiologist,3,H0031
D000412,Gynecologist,24,H0040
D000413,Radiologist,24,H0002
D000414,Radiologist,7,H0053
D000415,Dermatologist,8,H0029
D000416,Orthopedic,5,H0060
D000417,Orthopedic,3,H0083
D000418,Pediatrician,3,H0064
D000419,Endocrinologist,9,H0066
D000420,Oncologist,11,H0054
D000421,Pulmonologist,13,H0061
D000422,Neurologist,12,H0059
D000423,Radiologist,1,H0019
D000424,Psychiatrist,5,H0025
D000425,Anesthesiologist,1,H0066
D000426,Pediatrician,6,H0009
D000427,Oncologist,5,H0099
D000428,Ophthalmologist,17,H0044
D000429,Rheumatologist,3,H0035
D000430,General Physician,1,H0037
D000431,Endocrinologist,1,H0076
D000432,Pathologist,11,H0085
D000433,Pulmonologist,8,H0020
D000434,Urologist,1,H0069
D000435,Pulmonologist,1,H0045
D000436,Nephrologist,10,H0071
D000437,Radiologist,1,H0049
D000438,Urologist,14,H0042
D000439,ENT,10,H0090
D000440,Neurologist,1,H0074
D000441,Psychiatrist,1,H0030
D000442,Ophthalmologist,35,H0006
D000443,Nephrologist,4,H0096
D000444,Pulmonologist,4,H0091
D000445,Psychiatrist,13,H0050
D000446,Pediatrician,24,H0064
D000447,Cardiologist,34,H0017
D000448,Rheumatologist,11,H0076
D000449,Nephrologist,4,H0013
D000450,Urologist,1,H0013
D000451,Rheumatologist,12,H0059
D000452,General Physician,7,H0093
D000453,Pediatrician,4,H0053
D000454,Pediatrician,19,H0010
D000455,Pulmonologist,1,H0034
D000456,Nephrologist,5,H0080
D000457,Psychiatrist,1,H0084
D000458,Dermatologist,5,H0043
D000459,Radiologist,1,H0049
D000460,Nephrologist,1,H0081
D000461,Pulmonologist,1,H0070
D000462,Cardiologist,8,H0080
D000463,Dermatologist,11,H0031
D000464,Endocrinologist,7,H0030
D000465,Dermatologist,26,H0056
D000466,Orthopedic,4,H0098
D000467,Orthopedic,3,H0057
D000468,Gynecologist,16,H0089
D000469,Endocrinologist,2,H0004
D000470,Cardiologist,26,H0042
D000471,Cardiologist,1,H0038
D000472,Gastroenterologist,28,H0048
D000473,Ophthalmologist,1,H0019
D000474,Neurologist,18,H0068
D000475,Ophthalmologist,6,H0073
D000476,Gynecologist,40,H0022
D000477,Gynecologist,1,H0011
D000478,Anesthesiologist,6,H0049
D000479,Anesthesiologist,28,H0088
D000480,Neurologist,6,H0064
D000481,Pathologist,8,H0019
D000482,Neurologist,10,H0060
D000483,Oncologist,5,H0059
D000484,Oncologist,8,H0086
D000485,General Physician,7,H0060
D000486,Endocrinologist,19,H0087
D000487,Radiologist,1,H0021
D000488,Dermatologist,3,H0057
D000489,Gastroenterologist,24,H0076
D000490,Endocrinologist,18,H0082
D000491,Ophthalmologist,5,H0089
D000492,Oncologist,8,H0059
D000493,Endocrinologist,3,H0026
D000494,Psychiatrist,2,H0062
D000495,Orthopedic,5,H0031
D000496,Psychiatrist,3,H0074
D000497,Gastroenterologist,7,H0074
D000498,Endocrinologist,1,H0090
D000499,Endocrinologist,29,H0003
D000500,Psychiatrist,34,H0036
D000501,General Physician,10,H0073
D000502,Cardiologist,6,H0078
D000503,Pulmonologist,3,H0037
D000504,Neurologist,13,H0078
D000505,Gastroenterologist,9,H0029
D000506,ENT,1,H0080
D000507,Oncologist,19,H0087
D000508,Pediatrician,14,H0081
D000509,Orthopedic,24,H0081
D000510,Cardiologist,10,H0040
D000511,Urologist,8,H0005
D000512,Pathologist,4,H0047
D000513,Pediatrician,22,H0012
D000514,Endocrinologist,16,H0042
D000515,Ophthalmologist,1,H0023
D000516,ENT,1,H0017
D000517,Radiologist,4,H0047
D000518,Rheumatologist,13,H0065
D000519,Oncologist,35,H0022
D000520,Oncologist,1,H0062
D000521,Endocrinologist,7,H0096
D000522,Nephrologist,4,H0015
D000523,Urologist,28,H0010
D000524,Pediatrician,15,H0097
D000525,Neurologist,15,H0087
D000526,Psychiatrist,5,H0072
D000527,Gastroenterologist,4,H0012
D000528,Psychiatrist,3,H0002
D000529,Oncologist,1,H0069
D000530,Orthopedic,16,H0059
D000531,Gastroenterologist,13,H0087
D000532,Oncologist,45,H0075
D000533,Psychiatrist,45,H0082
D000534,Gastroenterologist,6,H0014
D000535,Neurologist,12,H0061
D000536,General Physician,23,H0080
D000537,Radiologist,15,H0042
D000538,Anesthesiologist,2,H0029
D000539,Dermatologist,5,H0082
D000540,Urologist,1,H0090
D000541,Endocrinologist,25,H0084
D000542,Ophthalmologist,7,H0015
D000543,Pediatrician,2,H0006
D000544,Cardiologist,9,H0039
D000545,Pulmonologist,8,H0015
D000546,Orthopedic,4,H0031
D000547,Radiologist,1,H0018
D000548,Psychiatrist,9,H0059
D000549,Gastroenterologist,6,H0086
D000550,Radiologist,12,H0054
D000551,Pathologist,6,H0096
D000552,Pediatrician,15,H0054
D000553,Orthopedic,6,H0063
D000554,Anesthesiologist,7,H0053
D000555,Oncologist,17,H0005
D000556,Gastroenterologist,4,H0028
D000557,Urologist,1,H0057
D000558,Neurologist,1,H0047
D000559,Orthopedic,11,H0088
D000560,Gastroenterologist,8,H0070
D000561,Gastroenterologist,10,H0008
D000562,Psychiatrist,2,H0036
D000563,ENT,1,H0016
D000564,Urologist,1,H0012
D000565,ENT,3,H0083
D000566,Anesthesiologist,7,H0003
D000567,Cardiologist,4,H0043
D000568,Neurologist,5,H0017
D000569,Pathologist,19,H0027
D000570,Dermatologist,3,H0098
D000571,Radiologist,6,H0027
D000572,Pathologist,12,H0028
D000573,Neurologist,4,H0043
D000574,Pediatrician,8,H0077
D000575,General Physician,16,H0036
D000576,Pediatrician,24,H0017
D000577,Radiologist,1,H0033
D000578,Gynecologist,21,H0015
D000579,General Physician,5,H0017
D000580,General Physician,2,H0046
D000581,Neurologist,5,H0076
D000582,Nephrologist,31,H0003
D000583,Gynecologist,5,H0034
D000584,Cardiologist,3,H0017
D000585,Ophthalmologist,8,H0068
D000586,Orthopedic,2,H0096
D000587,Dermatologist,1,H0061
D000588,Urologist,1,H0100
D000589,Gastroenterologist,1,H0066
D000590,Pathologist,1,H0014
D000591,Urologist,1,H0065
D000592,Neurologist,8,H0079
D000593,Cardiologist,2,H0094
D000594,Rheumatologist,3,H0039
D000595,Urologist,18,H0083
D000596,General Physician,5,H0008
D000597,Pulmonologist,9,H0052
D000598,Ophthalmologist,2,H0088
D000599,Orthopedic,2,H0063
D000600,Urologist,1,H0010
D000601,Dermatologist,1,H0042
D000602,Anesthesiologist,3,H0019
D000603,Dermatologist,2,H0017
D000604,Oncologist,1,H0080
D000605,Pathologist,1,H0071
D000606,Nephrologist,5,H0049
D000607,Anesthesiologist,2,H0068
D000608,Endocrinologist,4,H0059
D000609,Rheumatologist,6,H0078
D000610,Ophthalmologist,9,H0013
D000611,Orthopedic,1,H0084
D000612,Radiologist,13,H0093
D000613,ENT,8,H0056
D000614,Urologist,1,H0030
D000615,Ophthalmologist,17,H0044
D000616,Urologist,20,H0052
D000617,Ophthalmologist,1,H0094
D000618,Orthopedic,3,H0041
D000619,Ophthalmologist,13,H0041
D000620,Oncologist,11,H0048
D000621,Pediatrician,2,H0088
D000622,Pulmonologist,2,H0009
D000623,Dermatologist,4,H0011
D000624,Dermatologist,5,H0056
D000625,Orthopedic,8,H0096
D000626,Gastroenterologist,4,H0017
D000627,Radiologist,5,H0008
D000628,Pathologist,11,H0072
D000629,Radiologist,1,H0043
D000630,Orthopedic,2,H0053
D000631,Gastroenterologist,10,H0086
D000632,Ophthalmologist,18,H0093
D000633,Cardiologist,6,H0037
D000634,Anesthesiologist,6,H0040
D000635,Gastroenterologist,1,H0014
D000636,Pathologist,5,H0065
D000637,ENT,6,H0020
D000638,Pulmonologist,2,H0029
D000639,Orthopedic,3,H0045
D000640,Radiologist,4,H0048
D000641,Orthopedic,1,H0098
D000642,Oncologist,3,H0074
D000643,Neurologist,2,H0055
D000644,Radiologist,3,H0099
D000645,Anesthesiologist,1,H0079
D000646,Radiologist,18,H0004
D000647,Anesthesiologist,7,H0085
D000648,Oncologist,9,H0004
D000649,Gynecologist,12,H0035
D000650,Endocrinologist,6,H0044
D000651,Gastroenterologist,1,H0001
D000652,Gynecologist,6,H0019
D000653,Pathologist,7,H0085
D000654,Psychiatrist,11,H0009
D000655,Pediatrician,5,H0095
D000656,General Physician,1,H0012
D000657,Rheumatologist,3,H0028
D000658,Psychiatrist,4,H0054
D000659,Urologist,8,H0044
D000660,Gynecologist,7,H0048
D000661,Endocrinologist,4,H0093
D000662,Nephrologist,34,H0100
D000663,Pathologist,7,H0077
D000664,Dermatologist,2,H0007
D000665,Pediatrician,1,H0021
D000666,Anesthesiologist,1,H0007
D000667,Dermatologist,2,H0035
D000668,Urologist,1,H0085
D000669,Ophthalmologist,2,H0063
D000670,Anesthesiologist,3,H0057
D000671,Ophthalmologist,2,H0035
D000672,ENT,18,H0097
D000673,Rheumatologist,1,H0015
D000674,Gastroenterologist,6,H0056
D000675,Orthopedic,4,H0037
D000676,Pathologist,32,H0063
D000677,Rheumatologist,1,H0086
D000678,Endocrinologist,4,H0006
D000679,Neurologist,28,H0051
D000680,Anesthesiologist,16,H0008
D000681,General Physician,14,H0027
D000682,Endocrinologist,2,H0028
D000683,Pediatrician,1,H0098
D000684,Oncologist,9,H0038
D000685,Nephrologist,21,H0016
D000686,General Physician,7,H0064
D000687,Ophthalmologist,7,H0023
D000688,Pediatrician,3,H0049
D000689,Radiologist,12,H0091
D000690,Neurologist,2,H0065
D000691,Radiologist,3,H0086
D000692,Gastroenterologist,4,H0010
D000693,Psychiatrist,6,H0095
D000694,Cardiologist,2,H0056
D000695,General Physician,1,H0059
D000696,Dermatologist,8,H0041
D000697,Pathologist,3,H0055
D000698,Pathologist,7,H0052
D000699,Ophthalmologist,1,H0038
D000700,Orthopedic,5,H0052
D000701,General Physician,6,H0042
D000702,Gynecologist,1,H0080
D000703,Urologist,3,H0089
D000704,Gastroenterologist,1,H0012
D000705,Ophthalmologist,1,H0014
D000706,Neurologist,37,H0056
D000707,Pathologist,3,H0052
D000708,Rheumatologist,13,H0011
D000709,Psychiatrist,2,H0040
D000710,Nephrologist,9,H0029
D000711,Nephrologist,11,H0100
D000712,Gynecologist,7,H0010
D000713,Rheumatologist,5,H0082
D000714,Orthopedic,4,H0068
D000715,Rheumatologist,3,H0025
D000716,Gastroenterologist,21,H0045
D000717,Pediatrician,14,H0031
D000718,Orthopedic,27,H0019
D000719,Oncologist,1,H0026
D000720,Gynecologist,11,H0078
D000721,Pediatrician,22,H0098
D000722,Dermatologist,2,H0023
D000723,Pulmonologist,1,H0060
D000724,Pathologist,11,H0098
D000725,Pathologist,7,H0058
D000726,Pathologist,15,H0083
D000727,Anesthesiologist,1,H0042
D000728,Nephrologist,13,H0020
D000729,Urologist,2,H0009
D000730,Pulmonologist,1,H0057
D000731,Endocrinologist,1,H0036
D000732,Pathologist,13,H0008
D000733,Gastroenterologist,9,H0065
D000734,Dermatologist,6,H0040
D000735,Urologist,4,H0058
D000736,Cardiologist,17,H0008
D000737,Gastroenterologist,4,H0037
D000738,Dermatologist,14,H0083
D000739,Dermatologist,5,H0079
D000740,Anesthesiologist,4,H0065
D000741,Psychiatrist,5,H0060
D000742,Pathologist,3,H0071
D000743,Cardiologist,11,H0058
D000744,Pathologist,6,H0084
D000745,ENT,2,H0042
D000746,Anesthesiologist,18,H0061
D000747,Rheumatologist,4,H0020
D000748,Cardiologist,6,H0058
D000749,Orthopedic,19,H0044
D000750,Dermatologist,8,H0065
D000751,Gynecologist,1,H0006
D000752,Neurologist,22,H0091
D000753,Urologist,8,H0057
D000754,Rheumatologist,3,H0067
D000755,Anesthesiologist,1,H0021
D000756,Gastroenterologist,13,H0048
D000757,Endocrinologist,8,H0050
D000758,Ophthalmologist,6,H0100
D000759,Nephrologist,18,H0087
D000760,Anesthesiologist,12,H0007
D000761,Nephrologist,1,H0009
D000762,Nephrologist,3,H0013
D000763,Radiologist,2,H0087
D000764,Psychiatrist,11,H0037
D000765,Oncologist,1,H0093
D000766,Anesthesiologist,7,H0020
D000767,Nephrologist,11,H0011
D000768,Pathologist,17,H0085
D000769,Pediatrician,3,H0045
D000770,Endocrinologist,14,H0084
D000771,Psychiatrist,1,H0017
D000772,Anesthesiologist,15,H0091
D000773,Dermatologist,1,H0040
D000774,Radiologist,4,H0049
D000775,Nephrologist,13,H0017
D000776,Rheumatologist,1,H0012
D000777,Ophthalmologist,2,H0066
D000778,Gastroenterologist,10,H0003
D000779,Gastroenterologist,10,H0040
D000780,Gynecologist,8,H0028
D000781,Nephrologist,9,H0099
D000782,Pulmonologist,6,H0025
D000783,Neurologist,2,H0018
D000784,Pediatrician,3,H0010
D000785,Endocrinologist,2,H0013
D000786,Rheumatologist,19,H0099
D000787,Radiologist,7,H0095
D000788,Rheumatologist,4,H0005
D000789,Nephrologist,5,H0099
D000790,Anesthesiologist,24,H0017
D000791,Anesthesiologist,1,H0049
D000792,Pediatrician,7,H0021
D000793,Gynecologist,6,H0089
D000794,Anesthesiologist,8,H0022
D000795,Urologist,1,H0006
D000796,Ophthalmologist,16,H0047
D000797,Neurologist,22,H0057
D000798,Anesthesiologist,7,H0037
D000799,Urologist,10,H0030
D000800,Radiologist,20,H0031
D000801,Endocrinologist,10,H0061
D000802,ENT,1,H0048
D000803,Pathologist,7,H0057
D000804,Urologist,7,H0099
D000805,Endocrinologist,4,H0100
D000806,Psychiatrist,11,H0065
D000807,Rheumatologist,22,H0054
D000808,Gynecologist,21,H0026
D000809,Anesthesiologist,5,H0018
D000810,Oncologist,1,H0007
D000811,Pulmonologist,34,H0048
D000812,Radiologist,15,H0014
D000813,Rheumatologist,1,H0016
D000814,Endocrinologist,20,H0011
D000815,Gynecologist,16,H0035
D000816,Urologist,6,H0066
D000817,Pediatrician,7,H0056
D000818,Dermatologist,4,H0029
D000819,Urologist,1,H0045
D000820,General Physician,3,H0054
D000821,Cardiologist,13,H0051
D000822,Rheumatologist,1,H0048
D000823,Neurologist,3,H0050
D000824,Dermatologist,4,H0048
D000825,Neurologist,6,H0004
D000826,Nephrologist,20,H0013
D000827,Nephrologist,3,H0019
D000828,Pediatrician,3,H0005
D000829,Endocrinologist,11,H0061
D000830,Pediatrician,5,H0098
D000831,Pulmonologist,2,H0058
D000832,Anesthesiologist,5,H0001
D000833,Dermatologist,1,H0003
D000834,Oncologist,2,H0028
D000835,Pediatrician,6,H0071
D000836,Anesthesiologist,4,H0068
D000837,Ophthalmologist,20,H0015
D000838,Endocrinologist,4,H0031
D000839,Endocrinologist,7,H0016
D000840,Cardiologist,8,H0031
D000841,Ophthalmologist,1,H0082
D000842,Anesthesiologist,9,H0059
D000843,Dermatologist,2,H0015
D000844,Pulmonologist,26,H0077
D000845,Radiologist,1,H0003
D000846,Rheumatologist,4,H0074
D000847,Neurologist,1,H0092
D000848,Pediatrician,45,H0038
D000849,Ophthalmologist,6,H0001
D000850,Anesthesiologist,7,H0046
D000851,Neurologist,1,H0074
D000852,Ophthalmologist,11,H0024
D000853,Dermatologist,2,H0068
D000854,Gastroenterologist,18,H0009
D000855,Rheumatologist,2,H0070
D000856,Rheumatologist,2,H0065
D000857,Radiologist,1,H0003
D000858,Psychiatrist,5,H0061
D000859,Cardiologist,7,H0082
D000860,Psychiatrist,1,H0048
D000861,Oncologist,12,H0096
D000862,General Physician,5,H0046
D000863,Dermatologist,6,H0045
D000864,Neurologist,5,H0094
D000865,Orthopedic,4,H0099
D000866,Pathologist,7,H0095
D000867,Nephrologist,1,H0018
D000868,Cardiologist,2,H0046
D000869,Radiologist,16,H0044
D000870,Gynecologist,23,H0100
D000871,Urologist,4,H0090
D000872,Pulmonologist,3,H0081
D000873,Gynecologist,8,H0018
D000874,Dermatologist,4,H0092
D000875,Urologist,1,H0005
D000876,Endocrinologist,1,H0026
D000877,Cardiologist,10,H0026
D000878,Cardiologist,9,H0041
D000879,Endocrinologist,1,H0066
D000880,Psychiatrist,2,H0070
D000881,Pulmonologist,2,H0033
D000882,Cardiologist,9,H0097
D000883,ENT,1,H0037
D000884,Gastroenterologist,1,H0100
D000885,Cardiologist,13,H0084
D000886,Nephrologist,2,H0035
D000887,Orthopedic,8,H0048
D000888,Ophthalmologist,2,H0052
D000889,Urologist,1,H0050
D000890,Nephrologist,2,H0024
D000891,Pulmonologist,10,H0089
D000892,Pulmonologist,15,H0048
D000893,Rheumatologist,14,H0035
D000894,Dermatologist,4,H0094
D000895,Ophthalmologist,9,H0011
D000896,Ophthalmologist,2,H0078
D000897,Gynecologist,3,H0070
D000898,Endocrinologist,18,H0042
D000899,Orthopedic,1,H0011
D000900,Nephrologist,1,H0085
D000901,Endocrinologist,2,H0040
D000902,Urologist,1,H0078
D000903,Ophthalmologist,2,H0022
D000904,Urologist,7,H0045
D000905,Urologist,4,H0006
D000906,Gastroenterologist,18,H0079
D000907,Ophthalmologist,14,H0036
D000908,Cardiologist,3,H0010
D000909,Psychiatrist,2,H0047
D000910,Rheumatologist,4,H0096
D000911,Gynecologist,7,H0004
D000912,Pediatrician,2,H0078
D000913,Urologist,8,H0005
D000914,Pediatrician,4,H0009
D000915,Neurologist,6,H0100
D000916,Gastroenterologist,5,H0047
D000917,Psychiatrist,3,H0073
D000918,Cardiologist,24,H0078
D000919,Pediatrician,12,H0087
D000920,Urologist,1,H0048
D000921,Gastroenterologist,16,H0057
D000922,Dermatologist,5,H0074
D000923,Pediatrician,18,H0068
D000924,Gastroenterologist,13,H0051
D000925,Nephrologist,4,H0084
D000926,Oncologist,1,H0032
D000927,Orthopedic,3,H0004
D000928,Gynecologist,6,H0064
D000929,Rheumatologist,8,H0050
D000930,Radiologist,2,H0016
D000931,Oncologist,1,H0100
D000932,Oncologist,14,H0091
D000933,Urologist,33,H0028
D000934,Anesthesiologist,6,H0037
D000935,Pulmonologist,2,H0026
D000936,Orthopedic,3,H0018
D000937,Dermatologist,1,H0058
D000938,Gynecologist,20,H0092
D000939,Urologist,1,H0012
D000940,Nephrologist,7,H0086
D000941,Gastroenterologist,3,H0091
D000942,Dermatologist,6,H0071
D000943,Radiologist,8,H0038
D000944,Endocrinologist,14,H0021
D000945,Gynecologist,2,H0047
D000946,Rheumatologist,1,H0029
D000947,Orthopedic,1,H0026
D000948,Pediatrician,18,H0031
D000949,Pulmonologist,17,H0004
D000950,Gastroenterologist,7,H0071
D000951,Pathologist,7,H0048
D000952,Urologist,9,H0071
D000953,Pediatrician,2,H0079
D000954,Dermatologist,20,H0009
D000955,Endocrinologist,4,H0051
D000956,Pulmonologist,4,H0068
D000957,Ophthalmologist,6,H0099
D000958,Ophthalmologist,1,H0074
D000959,Dermatologist,1,H0017
D000960,Nephrologist,11,H0083
D000961,Dermatologist,1,H0058
D000962,Urologist,7,H0088
D000963,Rheumatologist,2,H0045
D000964,Pediatrician,4,H0100
D000965,Radiologist,3,H0082
D000966,Pathologist,4,H0024
D000967,Pediatrician,10,H0056
D000968,Rheumatologist,3,H0008
D000969,Orthopedic,7,H0067
D000970,Pediatrician,5,H0039
D000971,Gynecologist,9,H0021
D000972,Nephrologist,22,H0091
D000973,Neurologist,11,H0045
D000974,Rheumatologist,2,H0037
D000975,Dermatologist,1,H0033
D000976,ENT,2,H0082
D000977,Radiologist,7,H0036
D000978,Pediatrician,1,H0081
D000979,Endocrinologist,5,H0079
D000980,Radiologist,7,H0012
D000981,Rheumatologist,3,H0083
D000982,Gynecologist,12,H0076
D000983,Pathologist,1,H0020
D000984,Gynecologist,1,H0085
D000985,Anesthesiologist,10,H0093
D000986,Anesthesiologist,5,H0044
D000987,Pathologist,9,H0006
D000988,General Physician,5,H0011
D000989,Cardiologist,2,H0083
D000990,Pathologist,14,H0034
D000991,ENT,13,H0099
D000992,Pathologist,9,H0054
D000993,Anesthesiologist,3,H0082
D000994,General Physician,7,H0064
D000995,Radiologist,4,H0038
D000996,Endocrinologist,1,H0062
D000997,Neurologist,20,H0088
D000998,Psychiatrist,1,H0039
D000999,Urologist,24,H0010
D001000,Cardiologist,5,H0021
D001001,Urologist,2,H0054
D001002,Pulmonologist,6,H0060
D001003,ENT,17,H0044
D001004,Anesthesiologist,11,H0019
D001005,Nephrologist,13,H0092
D001006,Nephrologist,9,H0094
D001007,Gastroenterologist,9,H0052
D001008,Pediatrician,15,H0098
D001009,Gastroenterologist,2,H0066
D001010,Radiologist,5,H0014
D001011,Nephrologist,2,H0031
D001012,Urologist,35,H0016
D001013,Oncologist,23,H0058
D001014,Neurologist,1,H0019
D001015,Orthopedic,10,H0007
D001016,Endocrinologist,21,H0050
D001017,Anesthesiologist,2,H0054
D001018,Neurologist,7,H0021
D001019,Nephrologist,20,H0074
D001020,Nephrologist,1,H0025
D001021,Gynecologist,10,H0064
D001022,Rheumatologist,3,H0060
D001023,Pulmonologist,21,H0040
D001024,Pulmonologist,28,H0003
D001025,Dermatologist,23,H0051
D001026,Rheumatologist,5,H0059
D001027,Neurologist,16,H0028
D001028,Pathologist,15,H0046
D001029,Cardiologist,3,H0007
D001030,Endocrinologist,14,H0064
D001031,Anesthesiologist,1,H0084
D001032,Pulmonologist,7,H0037
D001033,Radiologist,2,H0002
D001034,Orthopedic,1,H0056
D001035,Pediatrician,1,H0034
D001036,Gastroenterologist,10,H0098
D001037,Psychiatrist,3,H0047
D001038,Cardiologist,10,H0052
D001039,Cardiologist,1,H0073
D001040,Radiologist,3,H0025
D001041,Gastroenterologist,6,H0071
D001042,Endocrinologist,13,H0010
D001043,Psychiatrist,3,H0065
D001044,Urologist,8,H0098
D001045,Radiologist,17,H0036
D001046,Anesthesiologist,8,H0088
D001047,Anesthesiologist,2,H0016
D001048,Pediatrician,1,H0013
D001049,Psychiatrist,16,H0048
D001050,Nephrologist,1,H0072
D001051,Gastroenterologist,17,H0097
D001052,Pediatrician,6,H0026
D001053,Anesthesiologist,22,H0066
D001054,Psychiatrist,13,H0065
D001055,Cardiologist,45,H0006
D001056,Cardiologist,3,H0018
D001057,Nephrologist,12,H0061
D001058,Rheumatologist,4,H0059
D001059,Pediatrician,5,H0078
D001060,Rheumatologist,8,H0018
D001061,Nephrologist,17,H0079
D001062,Nephrologist,33,H0021
D001063,Psychiatrist,12,H0079
D001064,Endocrinologist,4,H0076
D001065,Nephrologist,4,H0065
D001066,Rheumatologist,11,H0069
D001067,Pulmonologist,2,H0091
D001068,Pathologist,1,H0039
D001069,Pulmonologist,4,H0003
D001070,Gastroenterologist,3,H0043
D001071,Orthopedic,3,H0054
D001072,Pathologist,2,H0040
D001073,General Physician,1,H0077
D001074,Pulmonologist,1,H0034
D001075,Pathologist,35,H0074
D001076,Neurologist,4,H0093
D001077,Cardiologist,4,H0075
D001078,Pulmonologist,9,H0022
D001079,Rheumatologist,2,H0081
D001080,Anesthesiologist,24,H0100
D001081,Psychiatrist,12,H0019
D001082,Neurologist,1,H0005
D001083,Pathologist,4,H0090
D001084,Orthopedic,17,H0025
D001085,General Physician,23,H0057
D001086,Nephrologist,5,H0054
D001087,Pediatrician,8,H0053
D001088,ENT,1,H0053
D001089,Rheumatologist,38,H0100
D001090,Anesthesiologist,2,H0061
D001091,Cardiologist,23,H0091
D001092,Pediatrician,8,H0067
D001093,ENT,7,H0072
D001094,Nephrologist,6,H0085
D001095,Pulmonologist,2,H0068
D001096,Psychiatrist,2,H0041
D001097,Gynecologist,2,H0059
D001098,Radiologist,2,H0044
D001099,Radiologist,12,H0046
D001100,Oncologist,3,H0079
D001101,Pulmonologist,1,H0025
D001102,Neurologist,28,H0036
D001103,Radiologist,17,H0039
D001104,Neurologist,21,H0039
D001105,Endocrinologist,42,H0091
D001106,ENT,2,H0089
D001107,Pulmonologist,4,H0041
D001108,Pulmonologist,11,H0045
D001109,Radiologist,10,H0093
D001110,Oncologist,1,H0037
D001111,Orthopedic,14,H0074
D001112,Radiologist,2,H0049
D001113,Psychiatrist,2,H0045
D001114,Pediatrician,6,H0038
D001115,Cardiologist,7,H0037
D001116,Dermatologist,7,H0045
D001117,Urologist,1,H0084
D001118,Oncologist,17,H0096
D001119,Pulmonologist,2,H0028
D001120,ENT,1,H0069
D001121,Oncologist,18,H0072
D001122,Oncologist,25,H0018
D001123,Orthopedic,16,H0079
D001124,Pathologist,13,H0031
D001125,Neurologist,9,H0007
D001126,Rheumatologist,6,H0029
D001127,Neurologist,1,H0007
D001128,Orthopedic,4,H0053
D001129,Nephrologist,4,H0092
D001130,Pulmonologist,2,H0013
D001131,Pediatrician,10,H0001
D001132,Radiologist,5,H0021
D001133,Ophthalmologist,1,H0084
D001134,Pulmonologist,2,H0062
D001135,ENT,9,H0097
D001136,Endocrinologist,1,H0042
D001137,Endocrinologist,15,H0083
D001138,Cardiologist,5,H0099
D001139,Dermatologist,5,H0084
D001140,Pathologist,7,H0030
D001141,Radiologist,14,H0095
D001142,Cardiologist,3,H0023
D001143,Ophthalmologist,9,H0023
D001144,Cardiologist,7,H0051
D001145,Pulmonologist,2,H0024
D001146,Endocrinologist,17,H0005
D001147,General Physician,13,H0039
D001148,Pathologist,9,H0078
D001149,Orthopedic,15,H0043
D001150,Endocrinologist,16,H0059
D001151,Radiologist,10,H0068
D001152,Pulmonologist,15,H0018
D001153,Rheumatologist,10,H0060
D001154,Oncologist,9,H0025
D001155,Orthopedic,8,H0043
D001156,Gynecologist,11,H0094
D001157,Urologist,1,H0083
D001158,Oncologist,17,H0092
D001159,Gynecologist,16,H0002
D001160,Nephrologist,1,H0038
D001161,Pathologist,14,H0087
D001162,ENT,1,H0023
D001163,Anesthesiologist,3,H0082
D001164,Psychiatrist,11,H0055
D001165,Rheumatologist,1,H0042
D001166,Dermatologist,14,H0052
D001167,Orthopedic,14,H0024
D001168,Pediatrician,6,H0062
D001169,Nephrologist,1,H0032
D001170,General Physician,3,H0034
D001171,Psychiatrist,8,H0031
D001172,Urologist,32,H0097
D001173,Oncologist,8,H0043
D001174,Endocrinologist,2,H0075
D001175,Pathologist,8,H0002
D001176,Oncologist,6,H0084
D001177,Gastroenterologist,12,H0089
D001178,Neurologist,1,H0008
D001179,Orthopedic,11,H0060
D001180,Endocrinologist,6,H0021
D001181,Psychiatrist,26,H0088
D001182,Rheumatologist,3,H0091
D001183,Endocrinologist,8,H0089
D001184,Orthopedic,22,H0082
D001185,Endocrinologist,1,H0048
D001186,Anesthesiologist,22,H0029
D001187,Neurologist,9,H0018
D001188,Pulmonologist,1,H0020
D001189,Urologist,3,H0096
D001190,Anesthesiologist,10,H0048
D001191,Ophthalmologist,1,H0090
D001192,Radiologist,7,H0061
D001193,Radiologist,3,H0086
D001194,ENT,8,H0098
D001195,Neurologist,1,H0088
D001196,Anesthesiologist,16,H0011
D001197,Rheumatologist,29,H0058
D001198,Rheumatologist,28,H0091
D001199,Gastroenterologist,11,H0010
D001200,Pathologist,1,H0015
D001201,Cardiologist,11,H0071
D001202,Rheumatologist,1,H0026
D001203,Pathologist,1,H0069
D001204,Pediatrician,3,H0022
D001205,Nephrologist,5,H0067
D001206,Urologist,12,H0015
D001207,ENT,9,H0092
D001208,Pathologist,5,H0063
D001209,Dermatologist,3,H0066
D001210,Urologist,45,H0008
D001211,Urologist,4,H0017
D001212,Rheumatologist,5,H0054
D001213,Urologist,1,H0073
D001214,Cardiologist,13,H0072
D001215,Urologist,9,H0087
D001216,Endocrinologist,2,H0093
D001217,General Physician,1,H0051
D001218,Oncologist,9,H0001
D001219,ENT,9,H0075
D001220,Dermatologist,3,H0006
D001221,Ophthalmologist,24,H0045
D001222,Dermatologist,1,H0070
D001223,Cardiologist,5,H0009
D001224,Pulmonologist,23,H0005
D001225,Endocrinologist,4,H0053
D001226,Gynecologist,8,H0099
D001227,Pediatrician,4,H0099
D001228,Ophthalmologist,3,H0048
D001229,Psychiatrist,33,H0058
D001230,Psychiatrist,4,H0049
D001231,Dermatologist,18,H0088
D001232,Radiologist,2,H0018
D001233,Gastroenterologist,2,H0016
D001234,Gynecologist,1,H0069
D001235,Psychiatrist,8,H0068
D001236,Pediatrician,4,H0094
D001237,Neurologist,16,H0001
D001238,General Physician,5,H0039
D001239,Urologist,28,H0087
D001240,Radiologist,2,H0055
D001241,Radiologist,16,H0049
D001242,Neurologist,12,H0032
D001243,Urologist,12,H0045
D001244,Pediatrician,15,H0036
D001245,ENT,11,H0093
D001246,Orthopedic,8,H0005
D001247,Ophthalmologist,1,H0079
D001248,General Physician,1,H0031
D001249,ENT,20,H0009
D001250,Orthopedic,8,H0077
D001251,Cardiologist,13,H0058
D001252,Anesthesiologist,5,H0087
D001253,Cardiologist,1,H0032
D001254,Cardiologist,1,H0052
D001255,Urologist,9,H0030
D001256,Radiologist,5,H0028
D001257,Cardiologist,2,H0018
D001258,Rheumatologist,5,H0038
D001259,Neurologist,1,H0094
D001260,Pathologist,7,H0041
D001261,Pathologist,3,H0077
D001262,Nephrologist,13,H0031
D001263,Endocrinologist,3,H0019
D001264,Rheumatologist,5,H0029
D001265,Ophthalmologist,1,H0039
D001266,Oncologist,1,H0008
D001267,Radiologist,4,H0076
D001268,Gynecologist,5,H0081
D001269,Ophthalmologist,7,H0072
D001270,Pulmonologist,3,H0007
D001271,Gastroenterologist,9,H0083
D001272,Psychiatrist,16,H0068
D001273,Nephrologist,12,H0090
D001274,Ophthalmologist,1,H0053
D001275,Pediatrician,5,H0039
D001276,Psychiatrist,1,H0024
D001277,Radiologist,2,H0061
D001278,Neurologist,35,H0029
D001279,Endocrinologist,1,H0091
D001280,Pediatrician,6,H0060
D001281,Cardiologist,8,H0072
D001282,Ophthalmologist,10,H0054
D001283,Radiologist,7,H0068
D001284,Pediatrician,1,H0050
D001285,Neurologist,3,H0033
D001286,ENT,6,H0043
D001287,Dermatologist,1,H0058
D001288,Gastroenterologist,3,H0012
D001289,Radiologist,1,H0093
D001290,ENT,1,H0007
D001291,Oncologist,4,H0049
D001292,Anesthesiologist,1,H0078
D001293,Cardiologist,7,H0010
D001294,ENT,9,H0098
D001295,Pathologist,13,H0093
D001296,Radiologist,2,H0028
D001297,Pulmonologist,1,H0027
D001298,Nephrologist,1,H0039
D001299,General Physician,8,H0028
D001300,ENT,10,H0095
D001301,Orthopedic,1,H0096
D001302,Pulmonologist,22,H0032
D001303,Anesthesiologist,1,H0091
D001304,ENT,6,H0051
D001305,Neurologist,10,H0071
D001306,Nephrologist,16,H0100
D001307,Endocrinologist,10,H0049
D001308,Urologist,13,H0069
D001309,Gastroenterologist,3,H0040
D001310,Oncologist,13,H0047
D001311,Rheumatologist,1,H0064
D001312,Urologist,18,H0013
D001313,Pulmonologist,6,H0098
D001314,Nephrologist,14,H0027
D001315,Gastroenterologist,5,H0041
D001316,Ophthalmologist,8,H0006
D001317,Pathologist,6,H0029
D001318,Pediatrician,11,H0003
D001319,Oncologist,1,H0071
D001320,Pathologist,1,H0075
D001321,Ophthalmologist,2,H0038
D001322,Pediatrician,1,H0026
D001323,Nephrologist,16,H0030
D001324,Psychiatrist,2,H0073
D001325,Neurologist,30,H0064
D001326,Radiologist,3,H0084
D001327,Nephrologist,2,H0033
D001328,Pulmonologist,12,H0093
D001329,Pulmonologist,9,H0059
D001330,Gynecologist,6,H0094
D001331,Gastroenterologist,6,H0022
D001332,Pediatrician,10,H0093
D001333,Radiologist,2,H0063
D001334,Gynecologist,45,H0070
D001335,Cardiologist,29,H0068
D001336,Cardiologist,8,H0010
D001337,Cardiologist,2,H0098
D001338,General Physician,9,H0053
D001339,Pediatrician,1,H0081
D001340,Neurologist,1,H0009
D001341,Pediatrician,2,H0002
D001342,ENT,5,H0065
D001343,Urologist,16,H0048
D001344,Cardiologist,10,H0080
D001345,Anesthesiologist,11,H0062
D001346,Pulmonologist,4,H0003
D001347,General Physician,3,H0069
D001348,Radiologist,4,H0053
D001349,General Physician,35,H0003
D001350,Rheumatologist,1,H0093
D001351,Oncologist,16,H0069
D001352,Endocrinologist,7,H0003
D001353,Rheumatologist,5,H0090
D001354,Ophthalmologist,10,H0023
D001355,Orthopedic,5,H0013
D001356,Rheumatologist,17,H0020
D001357,Neurologist,18,H0025
D001358,Anesthesiologist,4,H0068
D001359,Oncologist,3,H0046
D001360,Oncologist,7,H0051
D001361,Dermatologist,19,H0048
D001362,Psychiatrist,2,H0059
D001363,Pathologist,8,H0032
D001364,Neurologist,8,H0039
D001365,Dermatologist,11,H0084
D001366,Cardiologist,1,H0012
D001367,Psychiatrist,10,H0049
D001368,Psychiatrist,19,H0071
D001369,Pulmonologist,2,H0008
D001370,General Physician,2,H0090
D001371,Gynecologist,28,H0011
D001372,Pulmonologist,2,H0056
D001373,Nephrologist,15,H0073
D001374,Orthopedic,5,H0068
D001375,Cardiologist,2,H0030
D001376,ENT,16,H0089
D001377,Pathologist,5,H0061
D001378,Oncologist,6,H0006
D001379,Dermatologist,4,H0088
D001380,Oncologist,7,H0070
D001381,Pathologist,1,H0085
D001382,Cardiologist,4,H0023
D001383,Nephrologist,28,H0003
D001384,ENT,2,H0076
D001385,Pediatrician,9,H0097
D001386,Psychiatrist,3,H0010
D001387,Endocrinologist,12,H0021
D001388,Pathologist,1,H0031
D001389,Pathologist,28,H0050
D001390,Radiologist,5,H0043
D001391,Psychiatrist,2,H0097
D001392,Pediatrician,1,H0089
D001393,Dermatologist,1,H0065
D001394,Gastroenterologist,6,H0007
D001395,Orthopedic,3,H0056
D001396,Neurologist,14,H0010
D001397,Nephrologist,5,H0078
D001398,Anesthesiologist,2,H0077
D001399,Psychiatrist,8,H0100
D001400,Nephrologist,10,H0004
D001401,Oncologist,1,H0058
D001402,Pulmonologist,1,H0030
D001403,Gastroenterologist,1,H0071
D001404,Psychiatrist,11,H0056
D001405,Gynecologist,9,H0088
D001406,Pathologist,5,H0085
D001407,Psychiatrist,15,H0011
D001408,Anesthesiologist,13,H0038
D001409,Neurologist,7,H0092
D001410,Dermatologist,16,H0011
D001411,Oncologist,2,H0020
D001412,Psychiatrist,1,H0092
D001413,Pediatrician,3,H0095
D001414,Psychiatrist,1,H0041
D001415,Gastroenterologist,6,H0014
D001416,Dermatologist,22,H0001
D001417,Endocrinologist,1,H0057
D001418,Gastroenterologist,1,H0098
D001419,Oncologist,5,H0014
D001420,Pediatrician,22,H0012
D001421,Gynecologist,3,H0056
D001422,Urologist,6,H0072
D001423,Radiologist,1,H0066
D001424,Ophthalmologist,1,H0014
D001425,General Physician,35,H0012
D001426,Gastroenterologist,27,H0071
D001427,Dermatologist,1,H0077
D001428,Anesthesiologist,24,H0042
D001429,Psychiatrist,8,H0002
D001430,Endocrinologist,16,H0053
D001431,Psychiatrist,5,H0100
D001432,Dermatologist,6,H0093
D001433,Radiologist,5,H0032
D001434,Pathologist,9,H0067
D001435,Gynecologist,1,H0088
D001436,Psychiatrist,1,H0022
D001437,Pediatrician,3,H0035
D001438,Endocrinologist,10,H0035
D001439,Pulmonologist,2,H0019
D001440,Dermatologist,9,H0022
D001441,Ophthalmologist,28,H0036
D001442,Ophthalmologist,1,H0039
D001443,Pulmonologist,9,H0010
D001444,Gastroenterologist,5,H0033
D001445,Neurologist,16,H0093
D001446,Pulmonologist,2,H0077
D001447,Anesthesiologist,9,H0026
D001448,Urologist,15,H0014
D001449,Pediatrician,23,H0039
D001450,General Physician,9,H0051
D001451,Nephrologist,6,H0080
D001452,Psychiatrist,8,H0043
D001453,Urologist,16,H0043
D001454,Ophthalmologist,7,H0084
D001455,Anesthesiologist,1,H0018
D001456,Endocrinologist,21,H0042
D001457,Anesthesiologist,9,H0089
D001458,ENT,9,H0062
D001459,Nephrologist,2,H0023
D001460,Psychiatrist,9,H0041
D001461,Endocrinologist,4,H0095
D001462,Pulmonologist,8,H0074
D001463,Neurologist,1,H0042
D001464,Psychiatrist,9,H0036
D001465,Psychiatrist,45,H0047
D001466,Orthopedic,1,H0073
D001467,ENT,30,H0076
D001468,Radiologist,4,H0024
D001469,Radiologist,16,H0004
D001470,Urologist,12,H0091
D001471,ENT,7,H0057
D001472,Endocrinologist,11,H0089
D001473,Dermatologist,17,H0053
D001474,Pulmonologist,4,H0018
D001475,Endocrinologist,3,H0031
D001476,Oncologist,9,H0085
D001477,Pediatrician,13,H0092
D001478,Ophthalmologist,11,H0049
D001479,Dermatologist,13,H0058
D001480,Anesthesiologist,5,H0062
D001481,Pathologist,14,H0052
D001482,Radiologist,1,H0065
D001483,Ophthalmologist,6,H0070
D001484,Cardiologist,1,H0047
D001485,Radiologist,3,H0077
D001486,Dermatologist,4,H0014
D001487,Neurologist,4,H0085
D001488,Gastroenterologist,10,H0022
D001489,Anesthesiologist,4,H0006
D001490,Pathologist,5,H0083
D001491,Psychiatrist,2,H0097
D001492,Nephrologist,4,H0056
D001493,Orthopedic,2,H0002
D001494,Orthopedic,1,H0034
D001495,Neurologist,7,H0066
D001496,Rheumatologist,9,H0072
D001497,Pathologist,8,H0089
D001498,Pathologist,5,H0029
D001499,Urologist,4,H0048
D001500,Psychiatrist,16,H0060
D001501,Pathologist,6,H0089
D001502,Rheumatologist,5,H0020
D001503,Gastroenterologist,1,H0004
D001504,Pulmonologist,3,H0014
D001505,Endocrinologist,4,H0054
D001506,Dermatologist,4,H0015
D001507,Pediatrician,7,H0045
D001508,Endocrinologist,6,H0044
D001509,Urologist,7,H0027
D001510,Rheumatologist,12,H0062
D001511,Gastroenterologist,13,H0061
D001512,Orthopedic,10,H0057
D001513,Urologist,25,H0041
D001514,Dermatologist,1,H0039
D001515,Cardiologist,2,H0091
D001516,Orthopedic,1,H0003
D001517,Nephrologist,8,H0083
D001518,Orthopedic,18,H0087
D001519,Gynecologist,2,H0095
D001520,Neurologist,21,H0067
D001521,Gynecologist,1,H0071
D001522,Gynecologist,22,H0043
D001523,Radiologist,3,H0055
D001524,Urologist,1,H0030
D001525,Psychiatrist,5,H0081
D001526,Gynecologist,2,H0024
D001527,Ophthalmologist,3,H0051
D001528,General Physician,3,H0095
D001529,Anesthesiologist,13,H0026
D001530,Urologist,6,H0076
D001531,Ophthalmologist,3,H0050
D001532,General Physician,8,H0091
D001533,ENT,10,H0027
D001534,Oncologist,3,H0097
D001535,Dermatologist,4,H0074
D001536,Orthopedic,1,H0069
D001537,Gynecologist,2,H0047
D001538,Nephrologist,9,H0026
D001539,Urologist,2,H0015
D001540,Oncologist,6,H0086
D001541,Pulmonologist,10,H0068
D001542,Nephrologist,1,H0077
D001543,Psychiatrist,7,H0079
D001544,Psychiatrist,2,H0076
D001545,Orthopedic,26,H0045
D001546,Gastroenterologist,5,H0059
D001547,Anesthesiologist,13,H0023
D001548,Endocrinologist,6,H0079
D001549,Pathologist,1,H0011
D001550,Pediatrician,8,H0041
D001551,Orthopedic,24,H0031
D001552,Endocrinologist,7,H0015
D001553,Gynecologist,14,H0048
D001554,Pediatrician,17,H0066
D001555,Psychiatrist,2,H0054
D001556,Anesthesiologist,2,H0018
D001557,Pathologist,8,H0050
D001558,Ophthalmologist,4,H0024
D001559,Pulmonologist,15,H0082
D001560,Radiologist,18,H0089
D001561,Gynecologist,3,H0072
D001562,Gynecologist,2,H0063
D001563,Endocrinologist,12,H0018
D001564,Gynecologist,3,H0041
D001565,Urologist,14,H0080
D001566,Cardiologist,4,H0046
D001567,General Physician,9,H0063
D001568,Pediatrician,1,H0025
D001569,Psychiatrist,8,H0072
D001570,Rheumatologist,5,H0084
D001571,Pulmonologist,7,H0053
D001572,Pulmonologist,1,H0054
D001573,Urologist,11,H0063
D001574,Gynecologist,16,H0011
D001575,Pathologist,2,H0004
D001576,Neurologist,1,H0038
D001577,Cardiologist,1,H0036
D001578,Neurologist,8,H0069
D001579,Endocrinologist,7,H0022
D001580,Urologist,6,H0073
D001581,Pulmonologist,2,H0071
D001582,Rheumatologist,4,H0015
D001583,Pathologist,7,H0015
D001584,Oncologist,5,H0100
D001585,Radiologist,35,H0047
D001586,Radiologist,1,H0097
D001587,Cardiologist,10,H0098
D001588,Urologist,4,H0070
D001589,ENT,4,H0055
D001590,Orthopedic,10,H0095
D001591,Neurologist,9,H0039
D001592,Cardiologist,38,H0058
D001593,Oncologist,1,H0045
D001594,Dermatologist,1,H0057
D001595,Orthopedic,10,H0100
D001596,Neurologist,7,H0027
D001597,Pathologist,3,H0089
D001598,Gastroenterologist,1,H0091
D001599,Anesthesiologist,1,H0081
D001600,Ophthalmologist,18,H0022
D001601,Anesthesiologist,2,H0018
D001602,ENT,3,H0027
D001603,Cardiologist,2,H0073
D001604,Gastroenterologist,4,H0069
D001605,Oncologist,1,H0077
D001606,Radiologist,6,H0022
D001607,Nephrologist,1,H0091
D001608,Endocrinologist,13,H0038
D001609,Pathologist,2,H0035
D001610,Rheumatologist,6,H0087
D001611,Orthopedic,17,H0018
D001612,Ophthalmologist,8,H0008
D001613,Oncologist,6,H0084
D001614,Pediatrician,3,H0090
D001615,Pediatrician,3,H0032
D001616,Pediatrician,9,H0092
D001617,Nephrologist,41,H0032
D001618,Psychiatrist,9,H0063
D001619,Pediatrician,7,H0074
D001620,Oncologist,10,H0081
D001621,Ophthalmologist,5,H0049
D001622,Urologist,1,H0010
D001623,Dermatologist,7,H0052
D001624,Rheumatologist,25,H0096
D001625,Oncologist,2,H0089
D001626,Gastroenterologist,9,H0059
D001627,Pulmonologist,2,H0042
D001628,Pathologist,6,H0001
D001629,Dermatologist,1,H0094
D001630,Urologist,5,H0082
D001631,Gastroenterologist,11,H0009
D001632,Radiologist,3,H0051
D001633,ENT,9,H0055
D001634,ENT,13,H0064
D001635,Oncologist,21,H0042
D001636,Endocrinologist,2,H0044
D001637,Radiologist,4,H0074
D001638,Pediatrician,1,H0073
D001639,Pulmonologist,39,H0044
D001640,Cardiologist,21,H0006
D001641,Orthopedic,6,H0081
D001642,Urologist,15,H0003
D001643,Orthopedic,6,H0021
D001644,Urologist,8,H0059
D001645,General Physician,1,H0055
D001646,ENT,11,H0089
D001647,Pediatrician,1,H0084
D001648,Endocrinologist,14,H0021
D001649,Oncologist,12,H0012
D001650,Gastroenterologist,10,H0033
D001651,Dermatologist,1,H0048
D001652,Gynecologist,3,H0007
D001653,Psychiatrist,2,H0081
D001654,Endocrinologist,4,H0093
D001655,Neurologist,1,H0055
D001656,Dermatologist,22,H0091
D001657,Orthopedic,6,H0001
D001658,ENT,3,H0062
D001659,Dermatologist,4,H0017
D001660,Pathologist,5,H0029
D001661,Rheumatologist,7,H0088
D001662,Urologist,6,H0002
D001663,General Physician,20,H0090
D001664,Nephrologist,5,H0016
D001665,Ophthalmologist,39,H0089
D001666,Pediatrician,15,H0062
D001667,Dermatologist,2,H0030
D001668,Psychiatrist,21,H0012
D001669,Orthopedic,1,H0014
D001670,Nephrologist,14,H0048
D001671,Endocrinologist,4,H0018
D001672,Psychiatrist,17,H0100
D001673,Pediatrician,16,H0083
D001674,Pediatrician,13,H0009
D001675,Rheumatologist,12,H0073
D001676,General Physician,3,H0079
D001677,Gynecologist,1,H0057
D001678,Gastroenterologist,4,H0093
D001679,ENT,2,H0081
D001680,Pediatrician,9,H0053
D001681,Anesthesiologist,3,H0088
D001682,Urologist,30,H0028
D001683,Dermatologist,8,H0013
D001684,Pediatrician,14,H0097
D001685,Orthopedic,1,H0076
D001686,Psychiatrist,16,H0045
D001687,Ophthalmologist,20,H0041
D001688,Pediatrician,5,H0032
D001689,Oncologist,7,H0083
D001690,Dermatologist,12,H0032
D001691,Radiologist,2,H0077
D001692,Anesthesiologist,6,H0093
D001693,Anesthesiologist,4,H0037
D001694,General Physician,1,H0085
D001695,Endocrinologist,4,H0027
D001696,Rheumatologist,1,H0078
D001697,Rheumatologist,1,H0025
D001698,Psychiatrist,1,H0038
D001699,Cardiologist,26,H0031
D001700,Pulmonologist,6,H0050
D001701,Orthopedic,27,H0031
D001702,Pulmonologist,5,H0082
D001703,Anesthesiologist,3,H0010
D001704,Rheumatologist,6,H0002
D001705,Gastroenterologist,5,H0041
D001706,Pediatrician,1,H0050
D001707,Pathologist,8,H0054
D001708,Gastroenterologist,2,H0070
D001709,Gynecologist,8,H0098
D001710,Pulmonologist,8,H0099
D001711,Dermatologist,1,H0003
D001712,Pathologist,1,H0009
D001713,General Physician,12,H0034
D001714,ENT,5,H0006
D001715,Cardiologist,1,H0051
D001716,Rheumatologist,42,H0037
D001717,Rheumatologist,1,H0099
D001718,Ophthalmologist,10,H0055
D001719,Psychiatrist,33,H0011
D001720,Radiologist,2,H0069
D001721,Anesthesiologist,1,H0020
D001722,Oncologist,1,H0011
D001723,Endocrinologist,3,H0011
D001724,Rheumatologist,1,H0027
D001725,Pediatrician,9,H0069
D001726,Nephrologist,1,H0051
D001727,Pathologist,6,H0082
D001728,Dermatologist,45,H0040
D001729,Ophthalmologist,13,H0094
D001730,Neurologist,8,H0008
D001731,Neurologist,3,H0012
D001732,Ophthalmologist,8,H0015
D001733,Urologist,6,H0079
D001734,Anesthesiologist,4,H0008
D001735,Endocrinologist,1,H0086
D001736,Gynecologist,17,H0016
D001737,General Physician,5,H0091
D001738,Pediatrician,2,H0090
D001739,General Physician,4,H0021
D001740,Pulmonologist,4,H0045
D001741,Rheumatologist,14,H0067
D001742,Oncologist,11,H0022
D001743,Gastroenterologist,12,H0017
D001744,Oncologist,1,H0094
D001745,Orthopedic,4,H0099
D001746,General Physician,5,H0043
D001747,Ophthalmologist,1,H0035
D001748,Rheumatologist,2,H0009
D001749,Oncologist,11,H0092
D001750,Pathologist,1,H0081
D001751,Dermatologist,6,H0064
D001752,Urologist,2,H0066
D001753,Gastroenterologist,1,H0008
D001754,Pulmonologist,2,H0073
D001755,Gynecologist,30,H0048
D001756,Gynecologist,13,H0033
D001757,Orthopedic,26,H0074
D001758,Orthopedic,5,H0030
D001759,Rheumatologist,1,H0001
D001760,Cardiologist,6,H0002
D001761,Neurologist,5,H0006
D001762,Pulmonologist,15,H0047
D001763,Psychiatrist,1,H0020
D001764,Gynecologist,5,H0005
D001765,Radiologist,1,H0092
D001766,Ophthalmologist,3,H0029
D001767,Nephrologist,11,H0032
D001768,Ophthalmologist,5,H0093
D001769,Nephrologist,4,H0035
D001770,Dermatologist,4,H0074
D001771,Gastroenterologist,5,H0016
D001772,Rheumatologist,12,H0087
D001773,Cardiologist,18,H0023
D001774,Neurologist,25,H0067
D001775,Cardiologist,12,H0052
D001776,Dermatologist,3,H0060
D001777,Endocrinologist,9,H0100
D001778,Endocrinologist,5,H0042
D001779,Dermatologist,2,H0071
D001780,Urologist,15,H0002
D001781,Gastroenterologist,1,H0026
D001782,Endocrinologist,19,H0073
D001783,Endocrinologist,5,H0095
D001784,Anesthesiologist,8,H0032
D001785,Urologist,9,H0048
D001786,Pathologist,18,H0064
D001787,ENT,8,H0094
D001788,Radiologist,8,H0098
D001789,Neurologist,1,H0020
D001790,General Physician,6,H0053
D001791,General Physician,1,H0030
D001792,Radiologist,11,H0045
D001793,General Physician,6,H0043
D001794,General Physician,9,H0098
D001795,Psychiatrist,1,H0095
D001796,Endocrinologist,1,H0014
D001797,ENT,10,H0068
D001798,Neurologist,1,H0054
D001799,Pulmonologist,1,H0008
D001800,Pediatrician,1,H0092
D001801,Oncologist,25,H0012
D001802,Cardiologist,11,H0030
D001803,Rheumatologist,3,H0053
D001804,Gastroenterologist,3,H0059
D001805,Dermatologist,3,H0075
D001806,Orthopedic,12,H0065
D001807,Pediatrician,9,H0082
D001808,Psychiatrist,2,H0010
D001809,Pathologist,2,H0073
D001810,Cardiologist,1,H0056
D001811,Pediatrician,9,H0031
D001812,Endocrinologist,12,H0034
D001813,Nephrologist,2,H0051
D001814,Nephrologist,1,H0041
D001815,Urologist,1,H0035
D001816,Neurologist,28,H0010
D001817,ENT,3,H0018
D001818,Pathologist,12,H0014
D001819,Pediatrician,8,H0014
D001820,Gynecologist,4,H0058
D001821,Urologist,2,H0041
D001822,Ophthalmologist,1,H0016
D001823,Radiologist,8,H0046
D001824,ENT,12,H0058
D001825,Endocrinologist,8,H0060
D001826,Oncologist,6,H0016
D001827,Dermatologist,1,H0021
D001828,Endocrinologist,28,H0091
D001829,Anesthesiologist,13,H0006
D001830,ENT,3,H0042
D001831,Pediatrician,31,H0012
D001832,Neurologist,7,H0046
D001833,Psychiatrist,7,H0066
D001834,Cardiologist,11,H0087
D001835,Endocrinologist,13,H0034
D001836,Gynecologist,9,H0004
D001837,Psychiatrist,1,H0058
D001838,Radiologist,3,H0096
D001839,Radiologist,21,H0032
D001840,Orthopedic,2,H0060
D001841,Orthopedic,4,H0018
D001842,Orthopedic,5,H0002
D001843,Cardiologist,5,H0100
D001844,Neurologist,8,H0017
D001845,ENT,23,H0052
D001846,Gastroenterologist,2,H0088
D001847,Dermatologist,1,H0075
D001848,Pathologist,2,H0034
D001849,Dermatologist,17,H0003
D001850,Dermatologist,8,H0026
D001851,Urologist,3,H0017
D001852,Dermatologist,14,H0043
D001853,Orthopedic,16,H0006
D001854,Urologist,15,H0007
D001855,Gynecologist,20,H0074
D001856,Ophthalmologist,2,H0093
D001857,Psychiatrist,11,H0064
D001858,General Physician,5,H0049
D001859,Ophthalmologist,15,H0023
D001860,Gastroenterologist,10,H0028
D001861,Gynecologist,12,H0036
D001862,Oncologist,9,H0058
D001863,Pediatrician,2,H0005
D001864,Anesthesiologist,6,H0080
D001865,Anesthesiologist,33,H0032
D001866,Endocrinologist,22,H0064
D001867,Ophthalmologist,1,H0071
D001868,Pulmonologist,1,H0008
D001869,Dermatologist,1,H0036
D001870,Psychiatrist,10,H0018
D001871,Ophthalmologist,14,H0026
D001872,Rheumatologist,2,H0032
D001873,Radiologist,6,H0003
D001874,Psychiatrist,15,H0092
D001875,Gastroenterologist,11,H0062
D001876,Radiologist,6,H0063
D001877,Gastroenterologist,7,H0073
D001878,Rheumatologist,6,H0042
D001879,Psychiatrist,3,H0035
D001880,Gynecologist,7,H0004
D001881,Nephrologist,9,H0077
D001882,Neurologist,17,H0004
D001883,Oncologist,8,H0008
D001884,Pulmonologist,11,H0068
D001885,Gastroenterologist,1,H0099
D001886,Pathologist,5,H0030
D001887,Gynecologist,1,H0013
D001888,Neurologist,2,H0085
D001889,Neurologist,10,H0035
D001890,Radiologist,38,H0095
D001891,Cardiologist,1,H0098
D001892,Neurologist,4,H0074
D001893,Psychiatrist,13,H0046
D001894,Gynecologist,2,H0023
D001895,Neurologist,6,H0076
D001896,Nephrologist,11,H0095
D001897,Gastroenterologist,8,H0076
D001898,General Physician,2,H0091
D001899,Gastroenterologist,4,H0073
D001900,Pathologist,12,H0019
D001901,Pathologist,6,H0025
D001902,Pulmonologist,1,H0070
D001903,Endocrinologist,11,H0023
D001904,Pulmonologist,1,H0005
D001905,Dermatologist,11,H0008
D001906,Neurologist,2,H0078
D001907,Neurologist,25,H0003
D001908,Rheumatologist,4,H0062
D001909,General Physician,3,H0043
D001910,Anesthesiologist,1,H0026
D001911,Pediatrician,3,H0044
D001912,Gynecologist,17,H0042
D001913,Cardiologist,45,H0003
D001914,Pediatrician,4,H0076
D001915,Pediatrician,5,H0100
D001916,Orthopedic,10,H0068
D001917,Gastroenterologist,17,H0010
D001918,Gastroenterologist,7,H0091
D001919,Psychiatrist,4,H0076
D001920,Orthopedic,4,H0044
D001921,Endocrinologist,10,H0042
D001922,Pediatrician,1,H0021
D001923,Ophthalmologist,8,H0082
D001924,Pulmonologist,4,H0084
D001925,Nephrologist,13,H0023
D001926,Radiologist,1,H0089
D001927,Anesthesiologist,7,H0046
D001928,Neurologist,5,H0086
D001929,Pathologist,8,H0023
D001930,Psychiatrist,1,H0040
D001931,Endocrinologist,7,H0017
D001932,Gynecologist,7,H0094
D001933,General Physician,7,H0090
D001934,Pathologist,7,H0051
D001935,Pathologist,9,H0005
D001936,Gynecologist,13,H0078
D001937,Nephrologist,3,H0079
D001938,Neurologist,14,H0082
D001939,Pathologist,6,H0014
D001940,Pulmonologist,1,H0019
D001941,Nephrologist,1,H0096
D001942,Dermatologist,3,H0031
D001943,Gastroenterologist,12,H0041
D001944,Gynecologist,10,H0082
D001945,Dermatologist,12,H0091
D001946,Nephrologist,6,H0058
D001947,General Physician,5,H0034
D001948,ENT,1,H0032
D001949,Dermatologist,3,H0045
D001950,Oncologist,5,H0014
D001951,General Physician,1,H0007
D001952,Psychiatrist,2,H0057
D001953,Ophthalmologist,7,H0022
D001954,Ophthalmologist,11,H0064
D001955,Psychiatrist,45,H0045
D001956,Radiologist,22,H0049
D001957,Orthopedic,8,H0062
D001958,Pathologist,4,H0084
D001959,Neurologist,8,H0021
D001960,Urologist,12,H0010
D001961,Cardiologist,1,H0038
D001962,General Physician,4,H0041
D001963,Oncologist,15,H0014
D001964,Dermatologist,4,H0044
D001965,Gynecologist,7,H0049
D001966,Gynecologist,7,H0094
D001967,Dermatologist,2,H0071
D001968,Dermatologist,4,H0044
D001969,Anesthesiologist,3,H0079
D001970,Pulmonologist,1,H0091
D001971,General Physician,1,H0056
D001972,Gynecologist,14,H0078
D001973,Ophthalmologist,3,H0021
D001974,Cardiologist,6,H0013
D001975,Nephrologist,3,H0027
D001976,ENT,23,H0053
D001977,Radiologist,2,H0093
D001978,Radiologist,4,H0034
D001979,Endocrinologist,16,H0039
D001980,Neurologist,15,H0013
D001981,Cardiologist,2,H0051
D001982,Pathologist,13,H0071
D001983,Pulmonologist,5,H0020
D001984,Cardiologist,5,H0047
D001985,General Physician,1,H0055
D001986,Dermatologist,1,H0038
D001987,Anesthesiologist,10,H0062
D001988,ENT,5,H0013
D001989,General Physician,5,H0027
D001990,Gynecologist,10,H0082
D001991,Endocrinologist,12,H0011
D001992,Pulmonologist,1,H0015
D001993,Endocrinologist,8,H0051
D001994,Pulmonologist,1,H0063
D001995,Oncologist,11,H0012
D001996,Radiologist,9,H0050
D001997,Gynecologist,25,H0048
D001998,Psychiatrist,1,H0048
D001999,Gynecologist,1,H0058
D002000,Cardiologist,3,H0034
D002001,Urologist,2,H0060
D002002,Oncologist,2,H0029
D002003,Oncologist,19,H0073
D002004,Cardiologist,2,H0020
D002005,Orthopedic,3,H0011
D002006,Gastroenterologist,11,H0070
D002007,Ophthalmologist,5,H0097
D002008,Pathologist,12,H0030
D002009,Radiologist,1,H0008
D002010,Psychiatrist,5,H0067
D002011,Ophthalmologist,1,H0069
D002012,Pulmonologist,1,H0074
D002013,Neurologist,19,H0061
D002014,Endocrinologist,1,H0011
D002015,Psychiatrist,6,H0092
D002016,Cardiologist,4,H0065
D002017,Pathologist,3,H0067
D002018,Pathologist,18,H0087
D002019,Anesthesiologist,1,H0019
D002020,Orthopedic,9,H0097
D002021,Urologist,26,H0023
D002022,Gynecologist,7,H0028
D002023,ENT,22,H0017
D002024,Cardiologist,1,H0055
D002025,Dermatologist,4,H0088
D002026,Ophthalmologist,2,H0026
D002027,Pediatrician,10,H0077
D002028,Oncologist,32,H0041
D002029,Dermatologist,2,H0012
D002030,Psychiatrist,8,H0072
D002031,Psychiatrist,2,H0071
D002032,Nephrologist,7,H0036
D002033,Rheumatologist,5,H0059
D002034,General Physician,29,H0090
D002035,Anesthesiologist,8,H0076
D002036,Rheumatologist,3,H0054
D002037,Orthopedic,1,H0054
D002038,Pediatrician,1,H0019
D002039,Pathologist,2,H0076
D002040,Pathologist,2,H0098
D002041,Orthopedic,15,H0014
D002042,Pathologist,7,H0100
D002043,Orthopedic,6,H0037
D002044,Radiologist,1,H0045
D002045,Ophthalmologist,16,H0034
D002046,Psychiatrist,10,H0084
D002047,Pulmonologist,1,H0074
D002048,Anesthesiologist,10,H0061
D002049,Cardiologist,6,H0023
D002050,Oncologist,1,H0052
D002051,Pediatrician,5,H0080
D002052,Anesthesiologist,5,H0088
D002053,Psychiatrist,1,H0005
D002054,Psychiatrist,23,H0043
D002055,Neurologist,15,H0007
D002056,Pulmonologist,9,H0035
D002057,Gastroenterologist,5,H0003
D002058,Nephrologist,4,H0039
D002059,Endocrinologist,8,H0036
D002060,Pulmonologist,6,H0090
D002061,Orthopedic,1,H0030
D002062,Pediatrician,6,H0039
D002063,Urologist,13,H0100
D002064,Nephrologist,5,H0035
D002065,Ophthalmologist,1,H0078
D002066,Dermatologist,12,H0025
D002067,Urologist,2,H0028
D002068,Ophthalmologist,2,H0095
D002069,Pulmonologist,1,H0098
D002070,Rheumatologist,3,H0048
D002071,Cardiologist,11,H0066
D002072,Gynecologist,6,H0009
D002073,Endocrinologist,2,H0091
D002074,Rheumatologist,17,H0052
D002075,Pediatrician,17,H0100
D002076,Rheumatologist,16,H0073
D002077,General Physician,2,H0023
D002078,ENT,5,H0026
D002079,Cardiologist,34,H0032
D002080,Cardiologist,12,H0059
D002081,Cardiologist,1,H0047
D002082,ENT,1,H0036
D002083,Gastroenterologist,5,H0060
D002084,Rheumatologist,19,H0051
D002085,Orthopedic,6,H0088
D002086,General Physician,6,H0031
D002087,Gastroenterologist,1,H0063
D002088,Anesthesiologist,9,H0058
D002089,Gynecologist,14,H0061
D002090,Pathologist,4,H0071
D002091,Gastroenterologist,12,H0045
D002092,Gynecologist,27,H0034
D002093,Dermatologist,2,H0037
D002094,General Physician,6,H0050
D002095,Cardiologist,3,H0021
D002096,Pathologist,13,H0100
D002097,ENT,7,H0029
D002098,Neurologist,8,H0087
D002099,ENT,13,H0035
D002100,Ophthalmologist,4,H0066
D002101,General Physician,20,H0100
D002102,General Physician,6,H0061
D002103,Pediatrician,1,H0083
D002104,Gynecologist,10,H0077
D002105,General Physician,13,H0029
D002106,Oncologist,3,H0078
D002107,Endocrinologist,16,H0092
D002108,Oncologist,19,H0055
D002109,Psychiatrist,3,H0045
D002110,Urologist,33,H0033
D002111,ENT,1,H0060
D002112,Endocrinologist,2,H0087
D002113,Rheumatologist,2,H0080
D002114,Psychiatrist,18,H0075
D002115,Orthopedic,8,H0001
D002116,Rheumatologist,1,H0085
D002117,Gastroenterologist,5,H0072
D002118,Anesthesiologist,8,H0078
D002119,Endocrinologist,1,H0039
D002120,Orthopedic,17,H0062
D002121,Dermatologist,13,H0044
D002122,Oncologist,6,H0082
D002123,Nephrologist,27,H0036
D002124,Oncologist,4,H0084
D002125,Endocrinologist,33,H0025
D002126,Pediatrician,9,H0067
D002127,Neurologist,8,H0008
D002128,Anesthesiologist,1,H0052
D002129,Nephrologist,17,H0088
D002130,Pediatrician,4,H0093
D002131,General Physician,1,H0084
D002132,Pulmonologist,1,H0038
D002133,Oncologist,7,H0054
D002134,Psychiatrist,6,H0050
D002135,Cardiologist,10,H0075
D002136,Pathologist,18,H0025
D002137,Nephrologist,1,H0093
D002138,Neurologist,11,H0088
D002139,Radiologist,2,H0082
D002140,Pulmonologist,16,H0086
D002141,Gastroenterologist,14,H0065
D002142,Endocrinologist,6,H0022
D002143,Radiologist,10,H0024
D002144,Endocrinologist,3,H0013
D002145,Pulmonologist,5,H0017
D002146,Oncologist,14,H0093
D002147,Radiologist,5,H0098
D002148,Gynecologist,4,H0088
D002149,Nephrologist,5,H0084
D002150,Dermatologist,14,H0029
D002151,Gastroenterologist,3,H0029
D002152,Endocrinologist,2,H0054
D002153,Nephrologist,10,H0048
D002154,Oncologist,14,H0075
D002155,Endocrinologist,1,H0060
D002156,Orthopedic,2,H0061
D002157,Cardiologist,1,H0082
D002158,Pathologist,3,H0075
D002159,Anesthesiologist,5,H0010
D002160,Pulmonologist,11,H0025
D002161,Rheumatologist,8,H0016
D002162,Psychiatrist,8,H0068
D002163,Endocrinologist,3,H0053
D002164,Cardiologist,15,H0020
D002165,Pediatrician,5,H0026
D002166,Nephrologist,31,H0053
D002167,Pathologist,8,H0059
D002168,Pediatrician,1,H0041
D002169,Gynecologist,9,H0100
D002170,Dermatologist,3,H0063
D002171,Nephrologist,9,H0081
D002172,Gynecologist,1,H0041
D002173,Cardiologist,2,H0001
D002174,Urologist,15,H0036
D002175,ENT,2,H0098
D002176,Gynecologist,15,H0074
D002177,Gynecologist,3,H0063
D002178,Dermatologist,8,H0017
D002179,Anesthesiologist,9,H0056
D002180,Ophthalmologist,6,H0052
D002181,Ophthalmologist,3,H0062
D002182,Psychiatrist,2,H0001
D002183,Cardiologist,1,H0069
D002184,ENT,3,H0094
D002185,Gastroenterologist,8,H0002
D002186,Nephrologist,22,H0097
D002187,Rheumatologist,16,H0025
D002188,General Physician,12,H0087
D002189,General Physician,12,H0081
D002190,Neurologist,9,H0029
D002191,Gastroenterologist,2,H0040
D002192,Pediatrician,19,H0014
D002193,Psychiatrist,9,H0065
D002194,Pathologist,7,H0040
D002195,Gynecologist,1,H0009
D002196,Cardiologist,5,H0039
D002197,Endocrinologist,5,H0059
D002198,Rheumatologist,16,H0077
D002199,Rheumatologist,6,H0044
D002200,Ophthalmologist,4,H0088
D002201,Pediatrician,30,H0044
D002202,Pulmonologist,1,H0046
D002203,ENT,4,H0022
D002204,Psychiatrist,1,H0003
D002205,Neurologist,11,H0029
D002206,Pediatrician,20,H0028
D002207,General Physician,3,H0076
D002208,Rheumatologist,16,H0022
D002209,Orthopedic,3,H0047
D002210,Cardiologist,19,H0049
D002211,Oncologist,11,H0099
D002212,Radiologist,13,H0080
D002213,Cardiologist,1,H0077
D002214,Cardiologist,26,H0085
D002215,Orthopedic,10,H0084
D002216,General Physician,3,H0007
D002217,Orthopedic,14,H0054
D002218,Urologist,3,H0049
D002219,Orthopedic,16,H0071
D002220,Oncologist,1,H0061
D002221,Pediatrician,10,H0027
D002222,General Physician,6,H0039
D002223,Ophthalmologist,1,H0085
D002224,Orthopedic,2,H0085
D002225,Rheumatologist,1,H0035
D002226,Anesthesiologist,5,H0078
D002227,Pediatrician,3,H0054
D002228,Orthopedic,7,H0066
D002229,Anesthesiologist,3,H0016
D002230,Endocrinologist,3,H0015
D002231,Orthopedic,11,H0064
D002232,ENT,1,H0078
D002233,ENT,19,H0100
D002234,Oncologist,15,H0067
D002235,ENT,9,H0046
D002236,Ophthalmologist,7,H0038
D002237,Gynecologist,18,H0006
D002238,Radiologist,2,H0064
D002239,ENT,1,H0089
D002240,Pulmonologist,2,H0043
D002241,Neurologist,13,H0001
D002242,General Physician,1,H0086
D002243,Dermatologist,7,H0015
D002244,Pathologist,43,H0086
D002245,Pulmonologist,15,H0020
D002246,Dermatologist,6,H0100
D002247,Rheumatologist,1,H0010
D002248,Orthopedic,14,H0033
D002249,Neurologist,7,H0059
D002250,Endocrinologist,1,H0034
D002251,Urologist,1,H0007
D002252,Orthopedic,19,H0023
D002253,Cardiologist,9,H0038
D002254,Gastroenterologist,14,H0087
D002255,Nephrologist,17,H0055
D002256,Orthopedic,7,H0013
D002257,Cardiologist,6,H0002
D002258,Pediatrician,5,H0085
D002259,Gynecologist,3,H0043
D002260,Gastroenterologist,5,H0057
D002261,Anesthesiologist,12,H0035
D002262,Dermatologist,7,H0048
D002263,Nephrologist,18,H0024
D002264,Orthopedic,5,H0052
D002265,Psychiatrist,7,H0059
D002266,Oncologist,8,H0050
D002267,Pulmonologist,7,H0054
D002268,Gynecologist,10,H0015
D002269,Pediatrician,2,H0090
D002270,Cardiologist,6,H0021
D002271,Orthopedic,1,H0054
D002272,Pathologist,4,H0062
D002273,Pathologist,5,H0087
D002274,Urologist,8,H0024
D002275,Anesthesiologist,24,H0049
D002276,Gastroenterologist,7,H0079
D002277,General Physician,11,H0088
D002278,Pediatrician,6,H0062
D002279,Pulmonologist,8,H0015
D002280,Ophthalmologist,1,H0057
D002281,Cardiologist,2,H0009
D002282,Oncologist,4,H0084
D002283,Nephrologist,5,H0002
D002284,Rheumatologist,1,H0099
D002285,Pathologist,1,H0093
D002286,Pathologist,3,H0029
D002287,Nephrologist,28,H0067
D002288,Rheumatologist,3,H0089
D002289,Anesthesiologist,5,H0013
D002290,Ophthalmologist,2,H0085
D002291,Neurologist,8,H0062
D002292,Gastroenterologist,3,H0085
D002293,Psychiatrist,2,H0020
D002294,Radiologist,6,H0079
D002295,Cardiologist,1,H0002
D002296,Gynecologist,1,H0065
D002297,Pulmonologist,2,H0064
D002298,Gynecologist,1,H0010
D002299,Pulmonologist,1,H0042
D002300,Neurologist,3,H0043
D002301,Oncologist,13,H0007
D002302,Rheumatologist,7,H0029
D002303,Radiologist,6,H0083
D002304,Psychiatrist,3,H0052
D002305,Neurologist,21,H0011
D002306,Urologist,4,H0057
D002307,Pathologist,1,H0058
D002308,Dermatologist,8,H0064
D002309,Urologist,1,H0041
D002310,Orthopedic,3,H0064
D002311,General Physician,6,H0014
D002312,Psychiatrist,17,H0053
D002313,Cardiologist,5,H0072
D002314,Radiologist,10,H0001
D002315,Dermatologist,39,H0078
D002316,Anesthesiologist,1,H0082
D002317,Endocrinologist,3,H0066
D002318,Radiologist,4,H0027
D002319,Urologist,4,H0044
D002320,Gastroenterologist,4,H0007
D002321,Neurologist,19,H0059
D002322,Nephrologist,10,H0072
D002323,Anesthesiologist,7,H0077
D002324,Pulmonologist,3,H0092
D002325,Gastroenterologist,14,H0092
D002326,Urologist,25,H0015
D002327,Orthopedic,14,H0098
D002328,Neurologist,1,H0001
D002329,Nephrologist,8,H0046
D002330,Endocrinologist,1,H0071
D002331,Rheumatologist,2,H0048
D002332,Orthopedic,1,H0006
D002333,Gynecologist,7,H0064
D002334,Pediatrician,9,H0092
D002335,Ophthalmologist,1,H0014
D002336,Oncologist,4,H0079
D002337,ENT,5,H0025
D002338,Orthopedic,4,H0051
D002339,ENT,1,H0059
D002340,ENT,4,H0092
D002341,Nephrologist,11,H0014
D002342,Ophthalmologist,1,H0006
D002343,Pathologist,1,H0016
D002344,Urologist,4,H0059
D002345,Pathologist,23,H0065
D002346,Pediatrician,9,H0064
D002347,General Physician,9,H0068
D002348,Cardiologist,4,H0071
D002349,Ophthalmologist,7,H0075
D002350,Pulmonologist,1,H0066
D002351,Gynecologist,8,H0089
D002352,Pathologist,20,H0023
D002353,Pediatrician,8,H0014
D002354,Psychiatrist,17,H0085
D002355,Anesthesiologist,10,H0078
D002356,Nephrologist,1,H0065
D002357,Psychiatrist,19,H0054
D002358,Anesthesiologist,1,H0089
D002359,Neurologist,6,H0036
D002360,Psychiatrist,1,H0044
D002361,Endocrinologist,1,H0058
D002362,Pediatrician,4,H0018
D002363,Ophthalmologist,3,H0078
D002364,Rheumatologist,5,H0039
D002365,Radiologist,7,H0041
D002366,Radiologist,1,H0081
D002367,ENT,1,H0026
D002368,ENT,7,H0080
D002369,Endocrinologist,3,H0088
D002370,Gastroenterologist,10,H0087
D002371,Pediatrician,8,H0091
D002372,Gynecologist,15,H0065
D002373,Radiologist,9,H0089
D002374,Nephrologist,4,H0091
D002375,Orthopedic,9,H0098
D002376,Gastroenterologist,3,H0072
D002377,Pulmonologist,3,H0075
D002378,Pathologist,12,H0086
D002379,Ophthalmologist,5,H0087
D002380,Radiologist,13,H0037
D002381,Ophthalmologist,14,H0002
D002382,Rheumatologist,16,H0014
D002383,General Physician,20,H0049
D002384,Pediatrician,5,H0007
D002385,Cardiologist,3,H0026
D002386,Oncologist,7,H0097
D002387,Gynecologist,4,H0037
D002388,Oncologist,7,H0019
D002389,Cardiologist,10,H0089
D002390,Endocrinologist,9,H0027
D002391,Radiologist,4,H0005
D002392,Gastroenterologist,1,H0058
D002393,Orthopedic,5,H0079
D002394,Radiologist,1,H0029
D002395,Radiologist,18,H0050
D002396,Neurologist,3,H0066
D002397,Endocrinologist,1,H0089
D002398,Cardiologist,1,H0049
D002399,Psychiatrist,8,H0054
D002400,Nephrologist,8,H0071
D002401,Cardiologist,3,H0002
D002402,Oncologist,1,H0026
D002403,Anesthesiologist,4,H0100
D002404,Urologist,3,H0029
D002405,Gastroenterologist,9,H0097
D002406,Pathologist,7,H0070
D002407,Anesthesiologist,4,H0026
D002408,ENT,2,H0038
D002409,Urologist,35,H0023
D002410,Dermatologist,5,H0024
D002411,Gynecologist,9,H0095
D002412,Rheumatologist,1,H0016
D002413,Psychiatrist,5,H0006
D002414,Ophthalmologist,1,H0036
D002415,Radiologist,6,H0034
D002416,Pediatrician,27,H0021
D002417,Pathologist,4,H0033
D002418,General Physician,1,H0043
D002419,Urologist,1,H0091
D002420,Pediatrician,4,H0006
D002421,Pediatrician,1,H0042
D002422,Anesthesiologist,1,H0007
D002423,Anesthesiologist,11,H0085
D002424,Endocrinologist,5,H0063
D002425,Pathologist,3,H0071
D002426,Gastroenterologist,18,H0010
D002427,Nephrologist,1,H0068
D002428,Neurologist,25,H0024
D002429,Rheumatologist,3,H0009
D002430,Rheumatologist,18,H0021
D002431,Ophthalmologist,7,H0070
D002432,Radiologist,14,H0052
D002433,Dermatologist,33,H0045
D002434,Neurologist,3,H0028
D002435,Nephrologist,26,H0043
D002436,Gastroenterologist,4,H0038
D002437,ENT,4,H0097
D002438,Anesthesiologist,3,H0068
D002439,Pulmonologist,6,H0072
D002440,General Physician,1,H0015
D002441,Gastroenterologist,6,H0058
D002442,Neurologist,6,H0083
D002443,Anesthesiologist,11,H0080
D002444,Neurologist,14,H0006
D002445,Nephrologist,5,H0049
D002446,Orthopedic,3,H0050
D002447,Oncologist,2,H0070
D002448,Endocrinologist,2,H0004
D002449,Rheumatologist,1,H0099
D002450,Gastroenterologist,3,H0066
D002451,Rheumatologist,3,H0058
D002452,Pulmonologist,27,H0006
D002453,Endocrinologist,7,H0084
D002454,ENT,3,H0042
D002455,Rheumatologist,7,H0011
D002456,Orthopedic,1,H0022
D002457,Radiologist,5,H0069
D002458,General Physician,8,H0081
D002459,Dermatologist,5,H0027
D002460,ENT,4,H0088
D002461,Ophthalmologist,41,H0014
D002462,ENT,17,H0069
D002463,Ophthalmologist,8,H0083
D002464,Dermatologist,7,H0096
D002465,Pediatrician,8,H0004
D002466,Urologist,2,H0092
D002467,Nephrologist,4,H0005
D002468,Dermatologist,1,H0010
D002469,Cardiologist,5,H0023
D002470,Oncologist,6,H0072
D002471,Dermatologist,2,H0074
D002472,Neurologist,27,H0034
D002473,Ophthalmologist,19,H0050
D002474,Urologist,10,H0081
D002475,Psychiatrist,6,H0056
D002476,Nephrologist,16,H0003
D002477,Psychiatrist,1,H0087
D002478,Orthopedic,13,H0069
D002479,General Physician,1,H0083
D002480,Anesthesiologist,13,H0009
D002481,Pathologist,3,H0006
D002482,Dermatologist,17,H0046
D002483,Rheumatologist,23,H0014
D002484,Endocrinologist,1,H0088
D002485,Endocrinologist,5,H0078
D002486,Dermatologist,32,H0037
D002487,Urologist,5,H0049
D002488,Psychiatrist,16,H0085
D002489,General Physician,7,H0061
D002490,Gynecologist,4,H0069
D002491,Neurologist,3,H0018
D002492,Psychiatrist,2,H0070
D002493,Endocrinologist,11,H0082
D002494,Pediatrician,4,H0039
D002495,Gastroenterologist,6,H0002
D002496,Radiologist,5,H0072
D002497,Pediatrician,7,H0016
D002498,Cardiologist,16,H0001
D002499,Pathologist,32,H0077
D002500,Psychiatrist,4,H0069
